city,language,variant_count,urls,avg_place_overlap_pct,avg_theme_overlap_pct,judgment
사이판,ko,3,"/destinations/%EC%82%AC%EC%9D%B4%ED%8C%90/%EC%82%AC%EC%9D%B4%ED%8C%90/saipan-friends-3days (friends-3d, views=49) | /destinations/%EC%82%AC%EC%9D%B4%ED%8C%90/%EC%82%AC%EC%9D%B4%ED%8C%90/saipan-couple-3days (couple-3d, views=32) | /destinations/%EC%82%AC%EC%9D%B4%ED%8C%90/%EC%82%AC%EC%9D%B4%ED%8C%90/saipan-solo-2days (solo-2d, views=91)",16.7,0.0,차별화충분
후쿠오카,ko,3,"/destinations/%EC%9D%BC%EB%B3%B8/%ED%9B%84%EC%BF%A0%EC%98%A4%EC%B9%B4/fukuoka-couple-3days (couple-3d, views=48) | /destinations/%EC%9D%BC%EB%B3%B8/%ED%9B%84%EC%BF%A0%EC%98%A4%EC%B9%B4/fukuoka-friends-3days (friends-3d, views=59) | /destinations/%EC%9D%BC%EB%B3%B8/%ED%9B%84%EC%BF%A0%EC%98%A4%EC%B9%B4/fukuoka-solo-2days (solo-2d, views=81)",18.3,0.0,차별화충분
마닐라,ko,3,"/destinations/%ED%95%84%EB%A6%AC%ED%95%80/%EB%A7%88%EB%8B%90%EB%9D%BC/manila-friends-3days (friends-3d, views=54) | /destinations/%ED%95%84%EB%A6%AC%ED%95%80/%EB%A7%88%EB%8B%90%EB%9D%BC/manila-solo-2days (solo-2d, views=39) | /destinations/%ED%95%84%EB%A6%AC%ED%95%80/%EB%A7%88%EB%8B%90%EB%9D%BC/manila-couple-3days (couple-3d, views=61)",19.5,0.0,차별화충분
호치민,ko,3,"/destinations/%EB%B2%A0%ED%8A%B8%EB%82%A8/%ED%98%B8%EC%B9%98%EB%AF%BC/ho-chi-minh-couple-3days (couple-3d, views=50) | /destinations/%EB%B2%A0%ED%8A%B8%EB%82%A8/%ED%98%B8%EC%B9%98%EB%AF%BC/ho-chi-minh-solo-2days (solo-2d, views=31) | /destinations/%EB%B2%A0%ED%8A%B8%EB%82%A8/%ED%98%B8%EC%B9%98%EB%AF%BC/ho-chi-minh-friends-3days (friends-3d, views=44)",19.8,0.0,차별화충분
타이베이,ko,3,"/destinations/%EB%8C%80%EB%A7%8C/%ED%83%80%EC%9D%B4%EB%B2%A0%EC%9D%B4/taipei-solo-2days (solo-2d, views=99) | /destinations/%EB%8C%80%EB%A7%8C/%ED%83%80%EC%9D%B4%EB%B2%A0%EC%9D%B4/taipei-couple-3days (couple-3d, views=57) | /destinations/%EB%8C%80%EB%A7%8C/%ED%83%80%EC%9D%B4%EB%B2%A0%EC%9D%B4/taipei-friends-3days (friends-3d, views=95)",11.4,0.0,차별화충분
오사카,ko,4,"/destinations/%EC%9D%BC%EB%B3%B8/%EC%98%A4%EC%82%AC%EC%B9%B4/osaka-solo-3days (solo-3d, views=59) | /destinations/%EC%9D%BC%EB%B3%B8/%EC%98%A4%EC%82%AC%EC%B9%B4/osaka-family-4days (family-4d, views=115) | /destinations/%EC%9D%BC%EB%B3%B8/%EC%98%A4%EC%82%AC%EC%B9%B4/osaka-friends-3days (friends-3d, views=55) | /destinations/%EC%9D%BC%EB%B3%B8/%EC%98%A4%EC%82%AC%EC%B9%B4/osaka-couple-3days (couple-3d, views=215)",10.0,2.8,차별화충분
괌,ko,3,"/destinations/%EA%B4%8C/%EA%B4%8C/guam-solo-2days (solo-2d, views=39) | /destinations/%EA%B4%8C/%EA%B4%8C/guam-couple-3days (couple-3d, views=52) | /destinations/%EA%B4%8C/%EA%B4%8C/guam-friends-3days (friends-3d, views=61)",14.2,0.0,차별화충분
타이중,ko,3,"/destinations/%EB%8C%80%EB%A7%8C/%ED%83%80%EC%9D%B4%EC%A4%91/taichung-friends-3days (friends-3d, views=45) | /destinations/%EB%8C%80%EB%A7%8C/%ED%83%80%EC%9D%B4%EC%A4%91/taichung-couple-3days (couple-3d, views=61) | /destinations/%EB%8C%80%EB%A7%8C/%ED%83%80%EC%9D%B4%EC%A4%91/taichung-solo-2days (solo-2d, views=127)",14.9,0.0,차별화충분
치앙마이,ko,4,"/destinations/%ED%83%9C%EA%B5%AD/%EC%B9%98%EC%95%99%EB%A7%88%EC%9D%B4/chiang-mai-friends-3days (friends-3d, views=68) | /destinations/%ED%83%9C%EA%B5%AD/%EC%B9%98%EC%95%99%EB%A7%88%EC%9D%B4/chiang-mai-solo-3days (solo-3d, views=67) | /destinations/%ED%83%9C%EA%B5%AD/%EC%B9%98%EC%95%99%EB%A7%88%EC%9D%B4/chiang-mai-family-4days (family-4d, views=56) | /destinations/%ED%83%9C%EA%B5%AD/%EC%B9%98%EC%95%99%EB%A7%88%EC%9D%B4/chiang-mai-couple-3days (couple-3d, views=77)",14.7,3.3,차별화충분
교토,ko,4,"/destinations/%EC%9D%BC%EB%B3%B8/%EA%B5%90%ED%86%A0/kyoto-solo-3days (solo-3d, views=120) | /destinations/%EC%9D%BC%EB%B3%B8/%EA%B5%90%ED%86%A0/kyoto-friends-3days (friends-3d, views=58) | /destinations/%EC%9D%BC%EB%B3%B8/%EA%B5%90%ED%86%A0/kyoto-family-4days (family-4d, views=78) | /destinations/%EC%9D%BC%EB%B3%B8/%EA%B5%90%ED%86%A0/kyoto-couple-3days (couple-3d, views=62)",36.0,8.3,차별화충분
런던,ko,4,"/destinations/%EC%98%81%EA%B5%AD/%EB%9F%B0%EB%8D%98/london-family-4days (family-4d, views=56) | /destinations/%EC%98%81%EA%B5%AD/%EB%9F%B0%EB%8D%98/london-couple-3days (couple-3d, views=91) | /destinations/%EC%98%81%EA%B5%AD/%EB%9F%B0%EB%8D%98/london-friends-3days (friends-3d, views=52) | /destinations/%EC%98%81%EA%B5%AD/%EB%9F%B0%EB%8D%98/london-solo-3days (solo-3d, views=83)",8.0,0.0,차별화충분
파리,ko,4,"/destinations/%ED%94%84%EB%9E%91%EC%8A%A4/%ED%8C%8C%EB%A6%AC/paris-friends-3days (friends-3d, views=210) | /destinations/%ED%94%84%EB%9E%91%EC%8A%A4/%ED%8C%8C%EB%A6%AC/paris-solo-3days (solo-3d, views=297) | /destinations/%ED%94%84%EB%9E%91%EC%8A%A4/%ED%8C%8C%EB%A6%AC/paris-couple-3days (couple-3d, views=100) | /destinations/%ED%94%84%EB%9E%91%EC%8A%A4/%ED%8C%8C%EB%A6%AC/paris-family-4days (family-4d, views=167)",13.8,8.3,차별화충분
나트랑,ko,3,"/destinations/%EB%B2%A0%ED%8A%B8%EB%82%A8/%EB%82%98%ED%8A%B8%EB%9E%91/nha-trang-friends-3days (friends-3d, views=80) | /destinations/%EB%B2%A0%ED%8A%B8%EB%82%A8/%EB%82%98%ED%8A%B8%EB%9E%91/nha-trang-solo-2days (solo-2d, views=93) | /destinations/%EB%B2%A0%ED%8A%B8%EB%82%A8/%EB%82%98%ED%8A%B8%EB%9E%91/nha-trang-couple-3days (couple-3d, views=35)",12.1,0.0,차별화충분
하노이,ko,3,"/destinations/%EB%B2%A0%ED%8A%B8%EB%82%A8/%ED%95%98%EB%85%B8%EC%9D%B4/hanoi-couple-3days (couple-3d, views=77) | /destinations/%EB%B2%A0%ED%8A%B8%EB%82%A8/%ED%95%98%EB%85%B8%EC%9D%B4/hanoi-friends-3days (friends-3d, views=48) | /destinations/%EB%B2%A0%ED%8A%B8%EB%82%A8/%ED%95%98%EB%85%B8%EC%9D%B4/hanoi-solo-2days (solo-2d, views=38)",33.6,6.7,차별화충분
시드니,ko,3,"/destinations/%ED%98%B8%EC%A3%BC/%EC%8B%9C%EB%93%9C%EB%8B%88/sydney-friends-4days (friends-4d, views=83) | /destinations/%ED%98%B8%EC%A3%BC/%EC%8B%9C%EB%93%9C%EB%8B%88/sydney-solo-3days (solo-3d, views=116) | /destinations/%ED%98%B8%EC%A3%BC/%EC%8B%9C%EB%93%9C%EB%8B%88/sydney-couple-4days (couple-4d, views=49)",3.3,0.0,차별화충분
보라카이,ko,3,"/destinations/%ED%95%84%EB%A6%AC%ED%95%80/%EB%B3%B4%EB%9D%BC%EC%B9%B4%EC%9D%B4/boracay-friends-3days (friends-3d, views=52) | /destinations/%ED%95%84%EB%A6%AC%ED%95%80/%EB%B3%B4%EB%9D%BC%EC%B9%B4%EC%9D%B4/boracay-couple-3days (couple-3d, views=44) | /destinations/%ED%95%84%EB%A6%AC%ED%95%80/%EB%B3%B4%EB%9D%BC%EC%B9%B4%EC%9D%B4/boracay-solo-2days (solo-2d, views=54)",3.0,0.0,차별화충분
멜버른,ko,3,"/destinations/%ED%98%B8%EC%A3%BC/%EB%A9%9C%EB%B2%84%EB%A5%B8/melbourne-couple-4days (couple-4d, views=65) | /destinations/%ED%98%B8%EC%A3%BC/%EB%A9%9C%EB%B2%84%EB%A5%B8/melbourne-solo-3days (solo-3d, views=60) | /destinations/%ED%98%B8%EC%A3%BC/%EB%A9%9C%EB%B2%84%EB%A5%B8/melbourne-friends-4days (friends-4d, views=72)",12.9,4.8,차별화충분
싱가포르,ko,4,"/destinations/%EC%8B%B1%EA%B0%80%ED%8F%AC%EB%A5%B4/%EC%8B%B1%EA%B0%80%ED%8F%AC%EB%A5%B4/singapore-solo-3days (solo-3d, views=208) | /destinations/%EC%8B%B1%EA%B0%80%ED%8F%AC%EB%A5%B4/%EC%8B%B1%EA%B0%80%ED%8F%AC%EB%A5%B4/singapore-couple-3days (couple-3d, views=66) | /destinations/%EC%8B%B1%EA%B0%80%ED%8F%AC%EB%A5%B4/%EC%8B%B1%EA%B0%80%ED%8F%AC%EB%A5%B4/singapore-family-4days (family-4d, views=50) | /destinations/%EC%8B%B1%EA%B0%80%ED%8F%AC%EB%A5%B4/%EC%8B%B1%EA%B0%80%ED%8F%AC%EB%A5%B4/singapore-friends-3days (friends-3d, views=42)",32.0,5.6,차별화충분
바르셀로나,ko,4,"/destinations/%EC%8A%A4%ED%8E%98%EC%9D%B8/%EB%B0%94%EB%A5%B4%EC%85%80%EB%A1%9C%EB%82%98/barcelona-couple-3days (couple-3d, views=45) | /destinations/%EC%8A%A4%ED%8E%98%EC%9D%B8/%EB%B0%94%EB%A5%B4%EC%85%80%EB%A1%9C%EB%82%98/barcelona-solo-3days (solo-3d, views=61) | /destinations/%EC%8A%A4%ED%8E%98%EC%9D%B8/%EB%B0%94%EB%A5%B4%EC%85%80%EB%A1%9C%EB%82%98/barcelona-friends-3days (friends-3d, views=61) | /destinations/%EC%8A%A4%ED%8E%98%EC%9D%B8/%EB%B0%94%EB%A5%B4%EC%85%80%EB%A1%9C%EB%82%98/barcelona-family-4days (family-4d, views=44)",38.2,3.3,차별화충분
나고야,ko,3,"/destinations/%EC%9D%BC%EB%B3%B8/%EB%82%98%EA%B3%A0%EC%95%BC/nagoya-friends-3days (friends-3d, views=37) | /destinations/%EC%9D%BC%EB%B3%B8/%EB%82%98%EA%B3%A0%EC%95%BC/nagoya-couple-3days (couple-3d, views=51) | /destinations/%EC%9D%BC%EB%B3%B8/%EB%82%98%EA%B3%A0%EC%95%BC/nagoya-solo-2days (solo-2d, views=85)",16.9,0.0,차별화충분
도쿄,ko,4,"/destinations/%EC%9D%BC%EB%B3%B8/%EB%8F%84%EC%BF%84/tokyo-friends-3days (friends-3d, views=79) | /destinations/%EC%9D%BC%EB%B3%B8/%EB%8F%84%EC%BF%84/tokyo-solo-3days (solo-3d, views=196) | /destinations/%EC%9D%BC%EB%B3%B8/%EB%8F%84%EC%BF%84/tokyo-couple-3days (couple-3d, views=259) | /destinations/%EC%9D%BC%EB%B3%B8/%EB%8F%84%EC%BF%84/tokyo-family-4days (family-4d, views=64)",15.8,15.8,차별화충분
삿포로,ko,3,"/destinations/%EC%9D%BC%EB%B3%B8/%EC%82%BF%ED%8F%AC%EB%A1%9C/sapporo-solo-2days (solo-2d, views=124) | /destinations/%EC%9D%BC%EB%B3%B8/%EC%82%BF%ED%8F%AC%EB%A1%9C/sapporo-friends-3days (friends-3d, views=88) | /destinations/%EC%9D%BC%EB%B3%B8/%EC%82%BF%ED%8F%AC%EB%A1%9C/sapporo-couple-3days (couple-3d, views=41)",13.3,0.0,차별화충분
오키나와,ko,3,"/destinations/%EC%9D%BC%EB%B3%B8/%EC%98%A4%ED%82%A4%EB%82%98%EC%99%80/okinawa-friends-3days (friends-3d, views=37) | /destinations/%EC%9D%BC%EB%B3%B8/%EC%98%A4%ED%82%A4%EB%82%98%EC%99%80/okinawa-couple-3days (couple-3d, views=103) | /destinations/%EC%9D%BC%EB%B3%B8/%EC%98%A4%ED%82%A4%EB%82%98%EC%99%80/okinawa-solo-2days (solo-2d, views=33)",12.3,0.0,차별화충분
다낭,ko,3,"/destinations/%EB%B2%A0%ED%8A%B8%EB%82%A8/%EB%8B%A4%EB%82%AD/da-nang-couple-3days (couple-3d, views=44) | /destinations/%EB%B2%A0%ED%8A%B8%EB%82%A8/%EB%8B%A4%EB%82%AD/da-nang-solo-2days (solo-2d, views=75) | /destinations/%EB%B2%A0%ED%8A%B8%EB%82%A8/%EB%8B%A4%EB%82%AD/da-nang-friends-3days (friends-3d, views=69)",6.1,0.0,차별화충분
방콕,ko,4,"/destinations/%ED%83%9C%EA%B5%AD/%EB%B0%A9%EC%BD%95/bangkok-solo-3days (solo-3d, views=114) | /destinations/%ED%83%9C%EA%B5%AD/%EB%B0%A9%EC%BD%95/bangkok-friends-3days (friends-3d, views=62) | /destinations/%ED%83%9C%EA%B5%AD/%EB%B0%A9%EC%BD%95/bangkok-family-4days (family-4d, views=58) | /destinations/%ED%83%9C%EA%B5%AD/%EB%B0%A9%EC%BD%95/bangkok-couple-3days (couple-3d, views=99)",11.7,0.0,차별화충분
발리,ko,4,"/destinations/%EC%9D%B8%EB%8F%84%EB%84%A4%EC%8B%9C%EC%95%84/%EB%B0%9C%EB%A6%AC/bali-couple-3days (couple-3d, views=64) | /destinations/%EC%9D%B8%EB%8F%84%EB%84%A4%EC%8B%9C%EC%95%84/%EB%B0%9C%EB%A6%AC/bali-family-4days (family-4d, views=120) | /destinations/%EC%9D%B8%EB%8F%84%EB%84%A4%EC%8B%9C%EC%95%84/%EB%B0%9C%EB%A6%AC/bali-solo-3days (solo-3d, views=128) | /destinations/%EC%9D%B8%EB%8F%84%EB%84%A4%EC%8B%9C%EC%95%84/%EB%B0%9C%EB%A6%AC/bali-friends-3days (friends-3d, views=72)",30.3,3.3,차별화충분
세부,ko,3,"/destinations/%ED%95%84%EB%A6%AC%ED%95%80/%EC%84%B8%EB%B6%80/cebu-solo-2days (solo-2d, views=53) | /destinations/%ED%95%84%EB%A6%AC%ED%95%80/%EC%84%B8%EB%B6%80/cebu-friends-3days (friends-3d, views=66) | /destinations/%ED%95%84%EB%A6%AC%ED%95%80/%EC%84%B8%EB%B6%80/cebu-couple-3days (couple-3d, views=72)",5.3,0.0,차별화충분
Singapore,en,1,/destinations/Singapore/singapore-family-3days-en,,,N/A (단일 버전)
London,en,1,/destinations/London/london-couple-4days-en,,,N/A (단일 버전)
Rome,en,1,/destinations/Rome/rome-couple-3days-en,,,N/A (단일 버전)
Amsterdam,en,1,/destinations/Amsterdam/amsterdam-couple-3days-en,,,N/A (단일 버전)
Seoul,en,5,"/destinations/South%20Korea/Seoul/seoul-couple-3days-en (couple-3d, views=43) | /destinations/South%20Korea/Seoul/seoul-solo-3days-en (solo-3d, views=57) | /destinations/South%20Korea/Seoul/seoul-family-4days-en (family-4d, views=66) | /destinations/South%20Korea/Seoul/seoul-kpop-3days-en (friends-3d, views=47) | /destinations/South%20Korea/Seoul/seoul-friends-4days-en (friends-4d, views=58)",10.6,11.0,차별화충분
Busan,en,2,"/destinations/South%20Korea/Busan/busan-couple-3days-en (couple-3d, views=34) | /destinations/South%20Korea/Busan/busan-friends-3days-en (friends-3d, views=40)",9.1,0.0,차별화충분
Paris,en,1,/destinations/Paris/paris-couple-4days-en,,,N/A (단일 버전)
Barcelona,en,1,/destinations/Barcelona/barcelona-friends-3days-en,,,N/A (단일 버전)
Bangkok,en,1,/destinations/Bangkok/bangkok-solo-3days-en,,,N/A (단일 버전)
New York,en,1,/destinations/New York/new-york-friends-4days-en,,,N/A (단일 버전)
Jeju,en,2,"/destinations/South%20Korea/Jeju/jeju-couple-3days-en (couple-3d, views=39) | /destinations/South%20Korea/Jeju/jeju-family-4days-en (family-4d, views=72)",13.9,0.0,차별화충분
Bali,en,1,/destinations/Bali/bali-friends-5days-en,,,N/A (단일 버전)
Gyeongju,en,1,/destinations/Gyeongju/gyeongju-history-2days-en,,,N/A (단일 버전)
Jeonju,en,1,/destinations/Jeonju/jeonju-food-2days-en,,,N/A (단일 버전)
Tokyo,en,1,/destinations/Tokyo/tokyo-solo-3days-en,,,N/A (단일 버전)