slug,language,image_source,colliding_query,repeat_count,affected_headings,cause
busan-beach-guide-en,en,본문 섹션(###) 이미지 캐러셀,Busan beach ocean,8,Haeundae Beach | Gwangalli Beach | Songjeong Beach | Dadaepo Beach | Ilgwang Beach | Getting Between Beaches | Haeundae Seafood Market | Best Seasons to Visit Busan Beaches,itemToSearchQuery() 정규식이 서로 다른 소제목을 동일 검색어로 매핑 + fetchItemImages()에 아이템 간 중복 방지 로직 없음 + page=1 고정 → 동일 쿼리는 항상 동일 상위 이미지 반환
bali-surfing-guide-en,en,본문 섹션(###) 이미지 캐러셀,Bali beach ocean,7,A Thriving Surf School Industry | Kuta Beach | Legian Beach | Seminyak Beach | Balangan Beach | Recommended Surf Schools by Area | Surf Etiquette: The Unwritten Rules,itemToSearchQuery() 정규식이 서로 다른 소제목을 동일 검색어로 매핑 + fetchItemImages()에 아이템 간 중복 방지 로직 없음 + page=1 고정 → 동일 쿼리는 항상 동일 상위 이미지 반환
taipei-shopping-guide-ko,ko,본문 섹션(###) 이미지 캐러셀,Taipei shopping market,7,타이베이 쇼핑의 특징 | 쇼핑 전 알아두면 좋은 기본 정보 | 시먼딩의 주요 쇼핑 포인트 | 코스메틱·드럭스토어 쇼핑 | 타이베이 101 쇼핑몰 | 스린 야시장(士林夜市) | 라오허제 야시장(饒河街觀光夜市),itemToSearchQuery() 정규식이 서로 다른 소제목을 동일 검색어로 매핑 + fetchItemImages()에 아이템 간 중복 방지 로직 없음 + page=1 고정 → 동일 쿼리는 항상 동일 상위 이미지 반환
tokyo-shopping-guide-ko,ko,본문 섹션(###) 이미지 캐러셀,Tokyo shopping market,6,지역별 쇼핑 특성 한눈에 보기 | 쇼핑 전 알아두면 좋은 팁 | 전자기기 쇼핑 | 애니메이션·굿즈 쇼핑 | 세븐일레븐·로손·패밀리마트 쇼핑 | 짐 보내기와 쇼핑백 관리,itemToSearchQuery() 정규식이 서로 다른 소제목을 동일 검색어로 매핑 + fetchItemImages()에 아이템 간 중복 방지 로직 없음 + page=1 고정 → 동일 쿼리는 항상 동일 상위 이미지 반환
da-nang-beach-guide-en,en,본문 섹션(###) 이미지 캐러셀,Da Nang beach ocean,6,My Khe Beach | Non Nuoc Beach | Bac My An Beach | Son Tra Peninsula Beaches | Luxury Beachfront Resorts | Water Sports and Active Beach Activities,itemToSearchQuery() 정규식이 서로 다른 소제목을 동일 검색어로 매핑 + fetchItemImages()에 아이템 간 중복 방지 로직 없음 + page=1 고정 → 동일 쿼리는 항상 동일 상위 이미지 반환
chiang-mai-temples-guide-en,en,본문 섹션(###) 이미지 캐러셀,Chiang Mai temple shrine,6,Wat Phra Singh — The Grand Temple of the Old Town | Doi Suthep — The Sacred Mountain Temple Above the City | Wat Suan Dok — The Temple of the Flower Garden | Dress Code and Temple Etiquette | Wat Umong — The Forest Tunnel Temple | Wat Chiang Man — The Oldest Temple in the City,itemToSearchQuery() 정규식이 서로 다른 소제목을 동일 검색어로 매핑 + fetchItemImages()에 아이템 간 중복 방지 로직 없음 + page=1 고정 → 동일 쿼리는 항상 동일 상위 이미지 반환
taipei-night-market-guide-ko,ko,본문 섹션(###) 이미지 캐러셀,Taipei shopping market,6,야시장의 역사와 문화적 의미 | 야시장 방문 최적 시간 | 스린 야시장 (士林夜市) | 라오허제 야시장 (饒河街觀光夜市) | 닝샤 야시장 (寧夏夜市) | 기념품 & 패션 아이템 쇼핑,itemToSearchQuery() 정규식이 서로 다른 소제목을 동일 검색어로 매핑 + fetchItemImages()에 아이템 간 중복 방지 로직 없음 + page=1 고정 → 동일 쿼리는 항상 동일 상위 이미지 반환
paris-cafe-restaurant-guide-ko,ko,본문 섹션(###) 이미지 캐러셀,Paris cafe coffee,5,파리 카페의 에티켓 | 마레 지구 (3~4구) – 트렌디한 카페 밀집 지역 | 생제르맹 데 프레 (6구) – 파리 카페 문화의 발상지 | 아침 식사 : 크루아상과 카페 오 레 | 파리 카페 투어 코스 추천 동선,itemToSearchQuery() 정규식이 서로 다른 소제목을 동일 검색어로 매핑 + fetchItemImages()에 아이템 간 중복 방지 로직 없음 + page=1 고정 → 동일 쿼리는 항상 동일 상위 이미지 반환
bali-best-beaches-en,en,본문 섹션(###) 이미지 캐러셀,Bali beach ocean,5,Nusa Dua Beach | Padang Padang Beach | Balangan Beach | Seminyak Beach | Amed Beach,itemToSearchQuery() 정규식이 서로 다른 소제목을 동일 검색어로 매핑 + fetchItemImages()에 아이템 간 중복 방지 로직 없음 + page=1 고정 → 동일 쿼리는 항상 동일 상위 이미지 반환
phuket-travel-guide-en,en,본문 섹션(###) 이미지 캐러셀,Phuket beach ocean,5,Patong Beach | Kata Beach and Kata Noi Beach | Karon Beach | Kamala Beach | Surin Beach and Bang Tao Beach,itemToSearchQuery() 정규식이 서로 다른 소제목을 동일 검색어로 매핑 + fetchItemImages()에 아이템 간 중복 방지 로직 없음 + page=1 고정 → 동일 쿼리는 항상 동일 상위 이미지 반환
okinawa-travel-guide-en,en,본문 섹션(###) 이미지 캐러셀,Okinawa beach ocean,5,"Manza Beach | Furuzamami Beach, Zamami Island | Aharen Beach, Tokashiki Island | Yonaha Maehama Beach | Sunayama Beach",itemToSearchQuery() 정규식이 서로 다른 소제목을 동일 검색어로 매핑 + fetchItemImages()에 아이템 간 중복 방지 로직 없음 + page=1 고정 → 동일 쿼리는 항상 동일 상위 이미지 반환
phuket-beach-guide-en,en,본문 섹션(###) 이미지 캐러셀,Phuket beach ocean,5,Patong Beach | Kata and Karon Beaches | Kamala Beach | Surin and Bang Tao Beaches | Nai Harn Beach,itemToSearchQuery() 정규식이 서로 다른 소제목을 동일 검색어로 매핑 + fetchItemImages()에 아이템 간 중복 방지 로직 없음 + page=1 고정 → 동일 쿼리는 항상 동일 상위 이미지 반환
bali-surfing-guide-ko,ko,본문 섹션(###) 이미지 캐러셀,Bali beach ocean,5,발리 서핑의 매력 | 서핑 시즌 구분 | 현지 서핑 문화 에티켓 | 짱구의 서핑 문화 거리 | 서핑과 함께하는 웰니스 여행,itemToSearchQuery() 정규식이 서로 다른 소제목을 동일 검색어로 매핑 + fetchItemImages()에 아이템 간 중복 방지 로직 없음 + page=1 고정 → 동일 쿼리는 항상 동일 상위 이미지 반환
da-nang-beach-guide-ko,ko,본문 섹션(###) 이미지 캐러셀,Da Nang beach ocean,4,다낭 해변의 전반적인 특징 | 다낭 해변 방문 최적 시기 | 해변 카페와 루프탑 바 | 해변 이용 시 주의사항,itemToSearchQuery() 정규식이 서로 다른 소제목을 동일 검색어로 매핑 + fetchItemImages()에 아이템 간 중복 방지 로직 없음 + page=1 고정 → 동일 쿼리는 항상 동일 상위 이미지 반환
london-food-guide-en,en,본문 섹션(###) 이미지 캐러셀,London food cuisine,4,The British Food Revival | Borough Market: London's Oldest Food Market | Brixton: South London's Food Powerhouse | Using Transport to Reach Food Destinations,itemToSearchQuery() 정규식이 서로 다른 소제목을 동일 검색어로 매핑 + fetchItemImages()에 아이템 간 중복 방지 로직 없음 + page=1 고정 → 동일 쿼리는 항상 동일 상위 이미지 반환
bangkok-budget-travel-en,en,본문 섹션(###) 이미지 캐러셀,Bangkok local market,4,Airport to City Center on a Budget | Best Budget Neighborhoods | Best Markets and Food Streets for Budget Eating | Practical Budget Tips,itemToSearchQuery() 정규식이 서로 다른 소제목을 동일 검색어로 매핑 + fetchItemImages()에 아이템 간 중복 방지 로직 없음 + page=1 고정 → 동일 쿼리는 항상 동일 상위 이미지 반환
bali-budget-travel-en,en,본문 섹션(###) 이미지 캐러셀,Bali local market,4,Currency Exchange Tips | When to Visit Bali on a Budget | Budget Stays in Ubud | Travel Insurance and Health Costs,itemToSearchQuery() 정규식이 서로 다른 소제목을 동일 검색어로 매핑 + fetchItemImages()에 아이템 간 중복 방지 로직 없음 + page=1 고정 → 동일 쿼리는 항상 동일 상위 이미지 반환
new-york-budget-travel-en,en,본문 섹션(###) 이미지 캐러셀,New York local market,4,Average Daily Budget Breakdown | Hostels and Budget Hotels | Grocery Shopping for Budget Travelers | Currency and Payment Tips,itemToSearchQuery() 정규식이 서로 다른 소제목을 동일 검색어로 매핑 + fetchItemImages()에 아이템 간 중복 방지 로직 없음 + page=1 고정 → 동일 쿼리는 항상 동일 상위 이미지 반환
sokcho-travel-guide-en,en,본문 섹션(###) 이미지 캐러셀,Sokcho hiking nature,4,Ulsanbawi Rock Trail (울산바위 등산로) | Biryong Falls Trail (비룡폭포 코스) | Gwongeumseong Fortress Trail via Cable Car (권금성) | Practical Seoraksan Hiking Tips,itemToSearchQuery() 정규식이 서로 다른 소제목을 동일 검색어로 매핑 + fetchItemImages()에 아이템 간 중복 방지 로직 없음 + page=1 고정 → 동일 쿼리는 항상 동일 상위 이미지 반환
boracay-travel-guide-en,en,본문 섹션(###) 이미지 캐러셀,Boracay beach ocean,4,White Beach Sunset Walk | Kiteboarding and Windsurfing at Bulabog Beach | Day 1: Arrival and White Beach Exploration | Filipino Seafood Grills,itemToSearchQuery() 정규식이 서로 다른 소제목을 동일 검색어로 매핑 + fetchItemImages()에 아이템 간 중복 방지 로직 없음 + page=1 고정 → 동일 쿼리는 항상 동일 상위 이미지 반환
saipan-travel-guide-en,en,본문 섹션(###) 이미지 캐러셀,Saipan beach ocean,4,"Micro Beach | Tank Beach and Obyan Beach | International Dining and Beachfront Restaurants | Day 1: Beaches, Lagoons, and Sunset at Micro Beach",itemToSearchQuery() 정규식이 서로 다른 소제목을 동일 검색어로 매핑 + fetchItemImages()에 아이템 간 중복 방지 로직 없음 + page=1 고정 → 동일 쿼리는 항상 동일 상위 이미지 반환
paris-budget-travel-en,en,본문 섹션(###) 이미지 캐러셀,Paris local market,4,Iconic Landmarks That Cost Nothing | Budget Airport Transportation | Hostels and Budget Hotels | Shopping and Souvenirs on a Budget,itemToSearchQuery() 정규식이 서로 다른 소제목을 동일 검색어로 매핑 + fetchItemImages()에 아이템 간 중복 방지 로직 없음 + page=1 고정 → 동일 쿼리는 항상 동일 상위 이미지 반환
bangkok-shopping-guide-ko,ko,본문 섹션(###) 이미지 캐러셀,Bangkok shopping market,4,방콕 쇼핑의 특징 | 쇼핑 전 알아두면 유용한 정보 | MBK 센터 & 프라투남 시장 | 로컬라이크 마켓 & 탈링찬 수상시장,itemToSearchQuery() 정규식이 서로 다른 소제목을 동일 검색어로 매핑 + fetchItemImages()에 아이템 간 중복 방지 로직 없음 + page=1 고정 → 동일 쿼리는 항상 동일 상위 이미지 반환
singapore-food-guide-en,en,본문 섹션(###) 이미지 캐러셀,Singapore food cuisine,4,Peranakan Cuisine: Singapore's Hidden Gem | Food as Social Infrastructure | Roti Prata and Indian Muslim Food | Food Tours and Cooking Classes,itemToSearchQuery() 정규식이 서로 다른 소제목을 동일 검색어로 매핑 + fetchItemImages()에 아이템 간 중복 방지 로직 없음 + page=1 고정 → 동일 쿼리는 항상 동일 상위 이미지 반환
bali-cafe-guide-ko,ko,본문 섹션(###) 이미지 캐러셀,Bali cafe coffee,4,발리 카페 문화의 특징 | 카페 방문 전 알아두어야 할 기본 정보 | Seniman Coffee Studio | 커피 메뉴 추천,itemToSearchQuery() 정규식이 서로 다른 소제목을 동일 검색어로 매핑 + fetchItemImages()에 아이템 간 중복 방지 로직 없음 + page=1 고정 → 동일 쿼리는 항상 동일 상위 이미지 반환
tokyo-budget-travel-en,en,본문 섹션(###) 이미지 캐러셀,Tokyo local market,4,Key Budget Benchmarks to Know | Types of Budget Accommodation | Day Trips from Tokyo on a Budget | Useful Apps for Budget Travelers,itemToSearchQuery() 정규식이 서로 다른 소제목을 동일 검색어로 매핑 + fetchItemImages()에 아이템 간 중복 방지 로직 없음 + page=1 고정 → 동일 쿼리는 항상 동일 상위 이미지 반환
dubai-food-guide-en,en,본문 섹션(###) 이미지 캐러셀,Dubai food cuisine,4,The Role of Emirati Cuisine | The Influence of South Asian and Levantine Cuisines | Food Delivery and Apps | Dubai Food Festival,itemToSearchQuery() 정규식이 서로 다른 소제목을 동일 검색어로 매핑 + fetchItemImages()에 아이템 간 중복 방지 로직 없음 + page=1 고정 → 동일 쿼리는 항상 동일 상위 이미지 반환
bangkok-temples-guide-en,en,본문 섹션(###) 이미지 캐러셀,Bangkok temple shrine,4,Understanding Temple Etiquette for Foreign Visitors | Wat Pho: The Temple of the Reclining Buddha | Wat Arun: The Temple of Dawn | Wat Benchamabophit: The Marble Temple,itemToSearchQuery() 정규식이 서로 다른 소제목을 동일 검색어로 매핑 + fetchItemImages()에 아이템 간 중복 방지 로직 없음 + page=1 고정 → 동일 쿼리는 항상 동일 상위 이미지 반환
chiang-mai-temples-guide-ko,ko,본문 섹션(###) 이미지 캐러셀,Chiang Mai temple shrine,3,주요 사원 운영 시간 정리 | 올드시티 사원 도보 코스 추천 | 사원과 연계되는 주요 축제,itemToSearchQuery() 정규식이 서로 다른 소제목을 동일 검색어로 매핑 + fetchItemImages()에 아이템 간 중복 방지 로직 없음 + page=1 고정 → 동일 쿼리는 항상 동일 상위 이미지 반환
london-budget-travel-en,en,본문 섹션(###) 이미지 캐러셀,London local market,3,Street Food Markets on a Budget | Budget Supermarket and Meal Prep Tips | Hostels and Budget Hotels,itemToSearchQuery() 정규식이 서로 다른 소제목을 동일 검색어로 매핑 + fetchItemImages()에 아이템 간 중복 방지 로직 없음 + page=1 고정 → 동일 쿼리는 항상 동일 상위 이미지 반환
seoul-nightlife-guide-en,en,본문 섹션(###) 이미지 캐러셀,Seoul culture tradition,3,Club Culture in Seoul | Pojangmacha Culture | Alcohol Culture and Etiquette,itemToSearchQuery() 정규식이 서로 다른 소제목을 동일 검색어로 매핑 + fetchItemImages()에 아이템 간 중복 방지 로직 없음 + page=1 고정 → 동일 쿼리는 항상 동일 상위 이미지 반환
busan-beach-guide-en,en,본문 섹션(###) 이미지 캐러셀,Busan local market,3,Beach Facilities and Costs | Currency and Payments | Budget,itemToSearchQuery() 정규식이 서로 다른 소제목을 동일 검색어로 매핑 + fetchItemImages()에 아이템 간 중복 방지 로직 없음 + page=1 고정 → 동일 쿼리는 항상 동일 상위 이미지 반환
osaka-best-restaurants-ko,ko,본문 섹션(###) 이미지 캐러셀,Osaka restaurant,3,오사카 맛집 탐방 최적 시기 | 위치별 맛집 밀집 구역 | 예산별 맛집 이용 가이드,itemToSearchQuery() 정규식이 서로 다른 소제목을 동일 검색어로 매핑 + fetchItemImages()에 아이템 간 중복 방지 로직 없음 + page=1 고정 → 동일 쿼리는 항상 동일 상위 이미지 반환
jeju-island-nature-guide-en,en,본문 섹션(###) 이미지 캐러셀,Jeju Island hiking nature,3,Hiking Trails on Hallasan | The Jeju Olle Trail Network | What to Pack for Jeju Island Hiking,itemToSearchQuery() 정규식이 서로 다른 소제목을 동일 검색어로 매핑 + fetchItemImages()에 아이템 간 중복 방지 로직 없음 + page=1 고정 → 동일 쿼리는 항상 동일 상위 이미지 반환
osaka-usj-guide-en,en,본문 섹션(###) 이미지 캐러셀,Osaka nature park,3,Driving and Parking | Minion Park | Jurassic Park and Other Classic Zones,itemToSearchQuery() 정규식이 서로 다른 소제목을 동일 검색어로 매핑 + fetchItemImages()에 아이템 간 중복 방지 로직 없음 + page=1 고정 → 동일 쿼리는 항상 동일 상위 이미지 반환
da-nang-travel-guide-en,en,본문 섹션(###) 이미지 캐러셀,Da Nang beach ocean,3,My Khe Beach | Non Nuoc Beach | Bac My An Beach,itemToSearchQuery() 정규식이 서로 다른 소제목을 동일 검색어로 매핑 + fetchItemImages()에 아이템 간 중복 방지 로직 없음 + page=1 고정 → 동일 쿼리는 항상 동일 상위 이미지 반환
vancouver-travel-guide-en,en,본문 섹션(###) 이미지 캐러셀,Vancouver nature park,3,Stanley Park | Capilano Suspension Bridge Park | Day 3: North Shore and Nature,itemToSearchQuery() 정규식이 서로 다른 소제목을 동일 검색어로 매핑 + fetchItemImages()에 아이템 간 중복 방지 로직 없음 + page=1 고정 → 동일 쿼리는 항상 동일 상위 이미지 반환
florence-travel-guide-en,en,본문 섹션(###) 이미지 캐러셀,Florence art gallery,3,Day One: The Heart of the Renaissance | Uffizi Gallery | Accademia Gallery,itemToSearchQuery() 정규식이 서로 다른 소제목을 동일 검색어로 매핑 + fetchItemImages()에 아이템 간 중복 방지 로직 없음 + page=1 고정 → 동일 쿼리는 항상 동일 상위 이미지 반환
chiang-mai-travel-guide-en,en,본문 섹션(###) 이미지 캐러셀,Chiang Mai temple shrine,3,Wat Phra Singh — The Old City's Most Revered Temple | Doi Suthep Temple — The Mountain Shrine Above the City | Temple Etiquette,itemToSearchQuery() 정규식이 서로 다른 소제목을 동일 검색어로 매핑 + fetchItemImages()에 아이템 간 중복 방지 로직 없음 + page=1 고정 → 동일 쿼리는 항상 동일 상위 이미지 반환
jeju-island-travel-guide-en,en,본문 섹션(###) 이미지 캐러셀,Jeju Island nature park,3,Hallim Park (한림공원) | Hike Hallasan (한라산) — South Korea's Highest Peak | Visit Seongsan Ilchulbong (성산일출봉) — Sunrise Peak,itemToSearchQuery() 정규식이 서로 다른 소제목을 동일 검색어로 매핑 + fetchItemImages()에 아이템 간 중복 방지 로직 없음 + page=1 고정 → 동일 쿼리는 항상 동일 상위 이미지 반환
sydney-complete-guide-en,en,본문 섹션(###) 이미지 캐러셀,Sydney beach ocean,3,Bondi Beach | Sydney's Seafood Culture | Bondi Beach,itemToSearchQuery() 정규식이 서로 다른 소제목을 동일 검색어로 매핑 + fetchItemImages()에 아이템 간 중복 방지 로직 없음 + page=1 고정 → 동일 쿼리는 항상 동일 상위 이미지 반환
fukuoka-shopping-guide-ko,ko,본문 섹션(###) 이미지 캐러셀,Fukuoka shopping market,3,쇼핑 시즌과 세일 기간 | 면세 쇼핑 활용법 | 주요 쇼핑 구성,itemToSearchQuery() 정규식이 서로 다른 소제목을 동일 검색어로 매핑 + fetchItemImages()에 아이템 간 중복 방지 로직 없음 + page=1 고정 → 동일 쿼리는 항상 동일 상위 이미지 반환
fukuoka-food-guide-en,en,본문 섹션(###) 이미지 캐러셀,Fukuoka restaurant,3,Tenjin: Upscale Dining and Casual Eats | Dining Hours and Reservation Culture | Yanagawa: Eel and Canal Town Dining,itemToSearchQuery() 정규식이 서로 다른 소제목을 동일 검색어로 매핑 + fetchItemImages()에 아이템 간 중복 방지 로직 없음 + page=1 고정 → 동일 쿼리는 항상 동일 상위 이미지 반환
osaka-shopping-guide-ko,ko,본문 섹션(###) 이미지 캐러셀,Osaka shopping market,3,오사카 쇼핑의 특징 | 쇼핑 시즌과 세일 기간 | 구로몬 시장,itemToSearchQuery() 정규식이 서로 다른 소제목을 동일 검색어로 매핑 + fetchItemImages()에 아이템 간 중복 방지 로직 없음 + page=1 고정 → 동일 쿼리는 항상 동일 상위 이미지 반환
ho-chi-minh-complete-guide-ko,ko,본문 섹션(###) 이미지 캐러셀,Ho Chi Minh City shopping market,3,벤탄 시장과 1군 구시가지 | 쇼핑몰과 기념품 | 하이엔드 쇼핑과 로컬 브랜드,itemToSearchQuery() 정규식이 서로 다른 소제목을 동일 검색어로 매핑 + fetchItemImages()에 아이템 간 중복 방지 로직 없음 + page=1 고정 → 동일 쿼리는 항상 동일 상위 이미지 반환
bangkok-temples-guide-ko,ko,본문 섹션(###) 이미지 캐러셀,Bangkok temple shrine,3,왓 프라깨우(에메랄드 사원)와 왕궁 | 왓 포(와불 사원) | 왓 아룬(새벽 사원),itemToSearchQuery() 정규식이 서로 다른 소제목을 동일 검색어로 매핑 + fetchItemImages()에 아이템 간 중복 방지 로직 없음 + page=1 고정 → 동일 쿼리는 항상 동일 상위 이미지 반환
kyoto-temples-guide-ko,ko,본문 섹션(###) 이미지 캐러셀,Kyoto temple shrine,3,교토 사원 여행의 최적 시기 | 기요미즈데라 – 교토의 랜드마크 절벽 무대 | 아라시야마 지역 사원 묶음 코스,itemToSearchQuery() 정규식이 서로 다른 소제목을 동일 검색어로 매핑 + fetchItemImages()에 아이템 간 중복 방지 로직 없음 + page=1 고정 → 동일 쿼리는 항상 동일 상위 이미지 반환
dubai-budget-travel-en,en,본문 섹션(###) 이미지 캐러셀,Dubai local market,3,What Costs More in Dubai | What Costs Less Than Expected | Budget Hotels and Hostels,itemToSearchQuery() 정규식이 서로 다른 소제목을 동일 검색어로 매핑 + fetchItemImages()에 아이템 간 중복 방지 로직 없음 + page=1 고정 → 동일 쿼리는 항상 동일 상위 이미지 반환
tokyo-best-restaurants-en,en,본문 섹션(###) 이미지 캐러셀,Tokyo food cuisine,3,Depachika: Department Store Food Halls | Best Neighborhoods for Food Tourism | Food Allergies and Dietary Restrictions,itemToSearchQuery() 정규식이 서로 다른 소제목을 동일 검색어로 매핑 + fetchItemImages()에 아이템 간 중복 방지 로직 없음 + page=1 고정 → 동일 쿼리는 항상 동일 상위 이미지 반환
singapore-budget-travel-en,en,본문 섹션(###) 이미지 캐러셀,Singapore local market,3,Average Daily Budget Breakdown | Hawker Centres: The Budget Traveler's Best Friend | Sentosa Island on a Budget,itemToSearchQuery() 정규식이 서로 다른 소제목을 동일 검색어로 매핑 + fetchItemImages()에 아이템 간 중복 방지 로직 없음 + page=1 고정 → 동일 쿼리는 항상 동일 상위 이미지 반환
tokyo-ginza-shopping-ko,ko,본문 섹션(###) 이미지 캐러셀,Tokyo shopping market,3,긴자 쇼핑의 특징 | 면세 쇼핑 활용법 | 쇼핑 시 유용한 팁,itemToSearchQuery() 정규식이 서로 다른 소제목을 동일 검색어로 매핑 + fetchItemImages()에 아이템 간 중복 방지 로직 없음 + page=1 고정 → 동일 쿼리는 항상 동일 상위 이미지 반환
dubai-food-guide-en,en,본문 섹션(###) 이미지 캐러셀,Dubai restaurant,3,Dining Hours and Ramadan Etiquette | Downtown Dubai and DIFC: Upscale International Dining | Al Seef: Heritage Dining on the Creek,itemToSearchQuery() 정규식이 서로 다른 소제목을 동일 검색어로 매핑 + fetchItemImages()에 아이템 간 중복 방지 로직 없음 + page=1 고정 → 동일 쿼리는 항상 동일 상위 이미지 반환
bali-temples-guide-en,en,본문 섹션(###) 이미지 캐러셀,Bali temple shrine,3,The Three Temple Types | Temple Etiquette for International Visitors | Tanah Lot Temple,itemToSearchQuery() 정규식이 서로 다른 소제목을 동일 검색어로 매핑 + fetchItemImages()에 아이템 간 중복 방지 로직 없음 + page=1 고정 → 동일 쿼리는 항상 동일 상위 이미지 반환
seoul-street-food-guide-en,en,본문 섹션(###) 이미지 캐러셀,Seoul food cuisine,3,Myeongdong Outdoor Food Street | Gwangjang Market — Seoul's Oldest Food Market | Food Allergy Considerations,itemToSearchQuery() 정규식이 서로 다른 소제목을 동일 검색어로 매핑 + fetchItemImages()에 아이템 간 중복 방지 로직 없음 + page=1 고정 → 동일 쿼리는 항상 동일 상위 이미지 반환
seoul-street-food-guide-en,en,본문 섹션(###) 이미지 캐러셀,Seoul shopping market,3,Hongdae Free Market and Street Vendors | Mangwon Market | Noryangjin Fish Market,itemToSearchQuery() 정규식이 서로 다른 소제목을 동일 검색어로 매핑 + fetchItemImages()에 아이템 간 중복 방지 로직 없음 + page=1 고정 → 동일 쿼리는 항상 동일 상위 이미지 반환
tokyo-harajuku-guide-ko,ko,본문 섹션(###) 이미지 캐러셀,Tokyo nature park,3,오모테산도 힐즈 | 요요기 공원과의 연계 방문 | 예산 계획,itemToSearchQuery() 정규식이 서로 다른 소제목을 동일 검색어로 매핑 + fetchItemImages()에 아이템 간 중복 방지 로직 없음 + page=1 고정 → 동일 쿼리는 항상 동일 상위 이미지 반환
taichung-taiwan-travel-guide-korean,ko,본문 섹션(###) 이미지 캐러셀,Taichung nature park,3,국립 자연과학박물관 (國立自然科學博物館) | 심천문창산업원구 (審計新村) | 타이중 공원 & 중산당 (台中公園),itemToSearchQuery() 정규식이 서로 다른 소제목을 동일 검색어로 매핑 + fetchItemImages()에 아이템 간 중복 방지 로직 없음 + page=1 고정 → 동일 쿼리는 항상 동일 상위 이미지 반환
bangkok-street-food-guide-en,en,본문 섹션(###) 이미지 캐러셀,Bangkok shopping market,2,Or Tor Kor Market (อ.ต.ก. ตลาด) | Khlong Toei Market,itemToSearchQuery() 정규식이 서로 다른 소제목을 동일 검색어로 매핑 + fetchItemImages()에 아이템 간 중복 방지 로직 없음 + page=1 고정 → 동일 쿼리는 항상 동일 상위 이미지 반환
kyoto-travel-guide-en,en,본문 섹션(###) 이미지 캐러셀,Kyoto culture tradition,2,The Gion District and Geiko Culture | Traditional Arts and Craftsmanship,itemToSearchQuery() 정규식이 서로 다른 소제목을 동일 검색어로 매핑 + fetchItemImages()에 아이템 간 중복 방지 로직 없음 + page=1 고정 → 동일 쿼리는 항상 동일 상위 이미지 반환
paris-eiffel-tower-guide-ko,ko,본문 섹션(###) 이미지 캐러셀,Paris travel,2,예약 팁 | 복장 및 준비물,itemToSearchQuery() 정규식이 서로 다른 소제목을 동일 검색어로 매핑 + fetchItemImages()에 아이템 간 중복 방지 로직 없음 + page=1 고정 → 동일 쿼리는 항상 동일 상위 이미지 반환
fukuoka-best-restaurants-ko,ko,본문 섹션(###) 이미지 캐러셀,Fukuoka food cuisine,2,후쿠오카 음식 문화의 특징 | 복어 요리 전문점,itemToSearchQuery() 정규식이 서로 다른 소제목을 동일 검색어로 매핑 + fetchItemImages()에 아이템 간 중복 방지 로직 없음 + page=1 고정 → 동일 쿼리는 항상 동일 상위 이미지 반환
sapporo-travel-guide-for-korean-travelers-2024,ko,본문 섹션(###) 이미지 캐러셀,Sapporo nature park,2,오도리 공원 (大通公園) | 홋카이도 특산품,itemToSearchQuery() 정규식이 서로 다른 소제목을 동일 검색어로 매핑 + fetchItemImages()에 아이템 간 중복 방지 로직 없음 + page=1 고정 → 동일 쿼리는 항상 동일 상위 이미지 반환
da-nang-beach-guide-ko,ko,본문 섹션(###) 이미지 캐러셀,Da Nang nature park,2,오행산과 린응사 방문 | 해산물 식당 이용 팁,itemToSearchQuery() 정규식이 서로 다른 소제목을 동일 검색어로 매핑 + fetchItemImages()에 아이템 간 중복 방지 로직 없음 + page=1 고정 → 동일 쿼리는 항상 동일 상위 이미지 반환
paris-cafe-restaurant-guide-ko,ko,본문 섹션(###) 이미지 캐러셀,Paris culture tradition,2,결제 및 팁 문화 | 테라스 문화 즐기기,itemToSearchQuery() 정규식이 서로 다른 소제목을 동일 검색어로 매핑 + fetchItemImages()에 아이템 간 중복 방지 로직 없음 + page=1 고정 → 동일 쿼리는 항상 동일 상위 이미지 반환
sapporo-snow-festival-ko,ko,본문 섹션(###) 이미지 캐러셀,Sapporo transportation,2,삿포로 시내 이동 | 이동 및 숙박 팁,itemToSearchQuery() 정규식이 서로 다른 소제목을 동일 검색어로 매핑 + fetchItemImages()에 아이템 간 중복 방지 로직 없음 + page=1 고정 → 동일 쿼리는 항상 동일 상위 이미지 반환
dubai-travel-guide-en,en,본문 섹션(###) 이미지 캐러셀,Dubai beach ocean,2,"Dubai Marina and JBR Beach | Day 2: Palm Jumeirah, Beach, and Desert",itemToSearchQuery() 정규식이 서로 다른 소제목을 동일 검색어로 매핑 + fetchItemImages()에 아이템 간 중복 방지 로직 없음 + page=1 고정 → 동일 쿼리는 항상 동일 상위 이미지 반환
cebu-complete-guide-ko,ko,본문 섹션(###) 이미지 캐러셀,Cebu transportation,2,세부 시내 교통 | 막탄 섬 및 근교 이동,itemToSearchQuery() 정규식이 서로 다른 소제목을 동일 검색어로 매핑 + fetchItemImages()에 아이템 간 중복 방지 로직 없음 + page=1 고정 → 동일 쿼리는 항상 동일 상위 이미지 반환
guam-travel-guide-for-korean-travelers-2024,ko,본문 섹션(###) 이미지 캐러셀,Guam shopping market,2,면세 쇼핑의 천국 | 괌 프리미엄 아울렛과 현지 쇼핑,itemToSearchQuery() 정규식이 서로 다른 소제목을 동일 검색어로 매핑 + fetchItemImages()에 아이템 간 중복 방지 로직 없음 + page=1 고정 → 동일 쿼리는 항상 동일 상위 이미지 반환
seoul-shopping-guide-en,en,본문 섹션(###) 이미지 캐러셀,Seoul shopping market,2,Wholesale Markets for Bulk Buyers | Namdaemun Market: Traditional Market Shopping in Seoul,itemToSearchQuery() 정규식이 서로 다른 소제목을 동일 검색어로 매핑 + fetchItemImages()에 아이템 간 중복 방지 로직 없음 + page=1 고정 → 동일 쿼리는 항상 동일 상위 이미지 반환
london-food-guide-en,en,본문 섹션(###) 이미지 캐러셀,London shopping market,2,Maltby Street Market | Brick Lane Market and Bagel Shops,itemToSearchQuery() 정규식이 서로 다른 소제목을 동일 검색어로 매핑 + fetchItemImages()에 아이템 간 중복 방지 로직 없음 + page=1 고정 → 동일 쿼리는 항상 동일 상위 이미지 반환
barcelona-sagrada-familia-guide-ko,ko,본문 섹션(###) 이미지 캐러셀,Barcelona nature park,2,유네스코 세계문화유산 등재 | 에이샴플레 지구 산책,itemToSearchQuery() 정규식이 서로 다른 소제목을 동일 검색어로 매핑 + fetchItemImages()에 아이템 간 중복 방지 로직 없음 + page=1 고정 → 동일 쿼리는 항상 동일 상위 이미지 반환
fukuoka-travel-guide-en,en,본문 섹션(###) 이미지 캐러셀,Fukuoka temple shrine,2,Dazaifu Tenmangu Shrine | Kushida Shrine,itemToSearchQuery() 정규식이 서로 다른 소제목을 동일 검색어로 매핑 + fetchItemImages()에 아이템 간 중복 방지 로직 없음 + page=1 고정 → 동일 쿼리는 항상 동일 상위 이미지 반환
fukuoka-travel-guide-en,en,본문 섹션(###) 이미지 캐러셀,Fukuoka nature park,2,"Ohori Park and Fukuoka Castle Ruins | Day 2: Ohori Park, Tenjin, and Castle Ruins",itemToSearchQuery() 정규식이 서로 다른 소제목을 동일 검색어로 매핑 + fetchItemImages()에 아이템 간 중복 방지 로직 없음 + page=1 고정 → 동일 쿼리는 항상 동일 상위 이미지 반환
seoul-budget-travel-en,en,본문 섹션(###) 이미지 캐러셀,Seoul restaurant,2,Gimbap Shops and Bunsikjip Restaurants | Convenience Store Dining,itemToSearchQuery() 정규식이 서로 다른 소제목을 동일 검색어로 매핑 + fetchItemImages()에 아이템 간 중복 방지 로직 없음 + page=1 고정 → 동일 쿼리는 항상 동일 상위 이미지 반환
seoul-budget-travel-en,en,본문 섹션(###) 이미지 캐러셀,Seoul art gallery,2,Hongdae Street Art and Busking Scene | Visit Lotte Mart or Homeplus for Groceries,itemToSearchQuery() 정규식이 서로 다른 소제목을 동일 검색어로 매핑 + fetchItemImages()에 아이템 간 중복 방지 로직 없음 + page=1 고정 → 동일 쿼리는 항상 동일 상위 이미지 반환
bangkok-thailand-complete-travel-guide,ko,본문 섹션(###) 이미지 캐러셀,Bangkok food cuisine,2,반드시 맛봐야 할 태국 음식 | 방콕의 대표 먹거리 거리,itemToSearchQuery() 정규식이 서로 다른 소제목을 동일 검색어로 매핑 + fetchItemImages()에 아이템 간 중복 방지 로직 없음 + page=1 고정 → 동일 쿼리는 항상 동일 상위 이미지 반환
bangkok-massage-spa-ko,ko,본문 섹션(###) 이미지 캐러셀,Bangkok culture tradition,2,타이 전통 마사지란 | 팁 문화,itemToSearchQuery() 정규식이 서로 다른 소제목을 동일 검색어로 매핑 + fetchItemImages()에 아이템 간 중복 방지 로직 없음 + page=1 고정 → 동일 쿼리는 항상 동일 상위 이미지 반환
sapporo-travel-guide-en,en,본문 섹션(###) 이미지 캐러셀,Sapporo nature park,2,Odori Park and the Sapporo TV Tower | Maruyama Park and Hokkaido Shrine,itemToSearchQuery() 정규식이 서로 다른 소제목을 동일 검색어로 매핑 + fetchItemImages()에 아이템 간 중복 방지 로직 없음 + page=1 고정 → 동일 쿼리는 항상 동일 상위 이미지 반환
berlin-travel-guide-en,en,본문 섹션(###) 이미지 캐러셀,Berlin art gallery,2,"East Side Gallery | Day 3: Charlottenburg, Tiergarten, and Local Neighborhoods",itemToSearchQuery() 정규식이 서로 다른 소제목을 동일 검색어로 매핑 + fetchItemImages()에 아이템 간 중복 방지 로직 없음 + page=1 고정 → 동일 쿼리는 항상 동일 상위 이미지 반환
vienna-travel-guide-en,en,본문 섹션(###) 이미지 캐러셀,Vienna museum,2,The Kunsthistorisches Museum | Vienna Card and Museum Passes,itemToSearchQuery() 정규식이 서로 다른 소제목을 동일 검색어로 매핑 + fetchItemImages()에 아이템 간 중복 방지 로직 없음 + page=1 고정 → 동일 쿼리는 항상 동일 상위 이미지 반환
da-nang-beach-guide-en,en,본문 섹션(###) 이미지 캐러셀,Da Nang local market,2,Budget Guesthouses and Hostels | Currency and Payments,itemToSearchQuery() 정규식이 서로 다른 소제목을 동일 검색어로 매핑 + fetchItemImages()에 아이템 간 중복 방지 로직 없음 + page=1 고정 → 동일 쿼리는 항상 동일 상위 이미지 반환
cebu-diving-snorkeling-ko,ko,본문 섹션(###) 이미지 캐러셀,Cebu transportation,2,모알보알 이동 방법 | 말라파스쿠아 이동 방법,itemToSearchQuery() 정규식이 서로 다른 소제목을 동일 검색어로 매핑 + fetchItemImages()에 아이템 간 중복 방지 로직 없음 + page=1 고정 → 동일 쿼리는 항상 동일 상위 이미지 반환
los-angeles-travel-guide-en,en,본문 섹션(###) 이미지 캐러셀,Los Angeles beach ocean,2,Santa Monica Beach and the Santa Monica Pier | Venice Beach,itemToSearchQuery() 정규식이 서로 다른 소제목을 동일 검색어로 매핑 + fetchItemImages()에 아이템 간 중복 방지 로직 없음 + page=1 고정 → 동일 쿼리는 항상 동일 상위 이미지 반환
hanoi-travel-guide-en,en,본문 섹션(###) 이미지 캐러셀,Hanoi art gallery,2,Explore the Hanoi Old Quarter | Day 1: The Old Quarter and Hoan Kiem Lake,itemToSearchQuery() 정규식이 서로 다른 소제목을 동일 검색어로 매핑 + fetchItemImages()에 아이템 간 중복 방지 로직 없음 + page=1 고정 → 동일 쿼리는 항상 동일 상위 이미지 반환
hanoi-travel-guide-en,en,본문 섹션(###) 이미지 캐러셀,Hanoi temple shrine,2,Visit Hoan Kiem Lake and Ngoc Son Temple | Discover the Temple of Literature,itemToSearchQuery() 정규식이 서로 다른 소제목을 동일 검색어로 매핑 + fetchItemImages()에 아이템 간 중복 방지 로직 없음 + page=1 고정 → 동일 쿼리는 항상 동일 상위 이미지 반환
osaka-street-food-guide-en,en,본문 섹션(###) 이미지 캐러셀,Osaka shopping market,2,Kuromon Ichiba Market | Tenjinbashisuji Shopping Street,itemToSearchQuery() 정규식이 서로 다른 소제목을 동일 검색어로 매핑 + fetchItemImages()에 아이템 간 중복 방지 로직 없음 + page=1 고정 → 동일 쿼리는 항상 동일 상위 이미지 반환
bali-seminyak-guide-ko,ko,본문 섹션(###) 이미지 캐러셀,Bali nightlife,2,포테이토 헤드 비치 클럽 | 쿠데타 비치 클럽,itemToSearchQuery() 정규식이 서로 다른 소제목을 동일 검색어로 매핑 + fetchItemImages()에 아이템 간 중복 방지 로직 없음 + page=1 고정 → 동일 쿼리는 항상 동일 상위 이미지 반환
bali-travel-guide-en,en,본문 섹션(###) 이미지 캐러셀,Bali temple shrine,2,Visit Tanah Lot Temple | Purify at Tirta Empul Temple,itemToSearchQuery() 정규식이 서로 다른 소제목을 동일 검색어로 매핑 + fetchItemImages()에 아이템 간 중복 방지 로직 없음 + page=1 고정 → 동일 쿼리는 항상 동일 상위 이미지 반환
osaka-usj-guide-en,en,본문 섹션(###) 이미지 캐러셀,Day Studio Pass Osaka,2,Standard 1-Day Studio Pass | 2-Day Studio Pass,itemToSearchQuery() 정규식이 서로 다른 소제목을 동일 검색어로 매핑 + fetchItemImages()에 아이템 간 중복 방지 로직 없음 + page=1 고정 → 동일 쿼리는 항상 동일 상위 이미지 반환
boracay-resort-guide-ko,ko,본문 섹션(###) 이미지 캐러셀,Boracay resort pool,2,"럭셔리 리조트 (1박 15,000페소 이상) | 중급 리조트 (1박 5,000~15,000페소)",itemToSearchQuery() 정규식이 서로 다른 소제목을 동일 검색어로 매핑 + fetchItemImages()에 아이템 간 중복 방지 로직 없음 + page=1 고정 → 동일 쿼리는 항상 동일 상위 이미지 반환
london-travel-guide-en,en,본문 섹션(###) 이미지 캐러셀,London local market,2,Currency and Payments | London on a Budget,itemToSearchQuery() 정규식이 서로 다른 소제목을 동일 검색어로 매핑 + fetchItemImages()에 아이템 간 중복 방지 로직 없음 + page=1 고정 → 동일 쿼리는 항상 동일 상위 이미지 반환
london-travel-guide-en,en,본문 섹션(###) 이미지 캐러셀,London museum,2,"Visit the British Museum | Day 3: The British Museum, East London, and a West End Show",itemToSearchQuery() 정규식이 서로 다른 소제목을 동일 검색어로 매핑 + fetchItemImages()에 아이템 간 중복 방지 로직 없음 + page=1 고정 → 동일 쿼리는 항상 동일 상위 이미지 반환
kyoto-temples-guide-en,en,본문 섹션(###) 이미지 캐러셀,Kyoto temple shrine,2,The Difference Between Temples and Shrines | Temple Etiquette for International Visitors,itemToSearchQuery() 정규식이 서로 다른 소제목을 동일 검색어로 매핑 + fetchItemImages()에 아이템 간 중복 방지 로직 없음 + page=1 고정 → 동일 쿼리는 항상 동일 상위 이미지 반환
vancouver-travel-guide-en,en,본문 섹션(###) 이미지 캐러셀,Granville Island Vancouver,2,"Granville Island | Day 2: Granville Island, Gastown, and Yaletown",itemToSearchQuery() 정규식이 서로 다른 소제목을 동일 검색어로 매핑 + fetchItemImages()에 아이템 간 중복 방지 로직 없음 + page=1 고정 → 동일 쿼리는 항상 동일 상위 이미지 반환
fukuoka-travel-guide-for-korean-travelers-2024,ko,본문 섹션(###) 이미지 캐러셀,Fukuoka travel,2,식당 이용 팁 | 여행 전 준비사항,itemToSearchQuery() 정규식이 서로 다른 소제목을 동일 검색어로 매핑 + fetchItemImages()에 아이템 간 중복 방지 로직 없음 + page=1 고정 → 동일 쿼리는 항상 동일 상위 이미지 반환
fukuoka-travel-guide-for-korean-travelers-2024,ko,본문 섹션(###) 이미지 캐러셀,Fukuoka shopping market,2,주요 쇼핑 지역 | 면세 쇼핑 및 반출 주의사항,itemToSearchQuery() 정규식이 서로 다른 소제목을 동일 검색어로 매핑 + fetchItemImages()에 아이템 간 중복 방지 로직 없음 + page=1 고정 → 동일 쿼리는 항상 동일 상위 이미지 반환
bangkok-travel-guide-en,en,본문 섹션(###) 이미지 캐러셀,Bangkok shopping market,2,"Discover the Chatuchak Weekend Market | Day 2: Temples, Markets, and Modern Bangkok",itemToSearchQuery() 정규식이 서로 다른 소제목을 동일 검색어로 매핑 + fetchItemImages()에 아이템 간 중복 방지 로직 없음 + page=1 고정 → 동일 쿼리는 항상 동일 상위 이미지 반환
amsterdam-travel-guide-en,en,본문 섹션(###) 이미지 캐러셀,Amsterdam museum,2,Visit the Rijksmuseum | Visit the Van Gogh Museum,itemToSearchQuery() 정규식이 서로 다른 소제목을 동일 검색어로 매핑 + fetchItemImages()에 아이템 간 중복 방지 로직 없음 + page=1 고정 → 동일 쿼리는 항상 동일 상위 이미지 반환
chiang-mai-travel-guide-en,en,본문 섹션(###) 이미지 캐러셀,Chiang Mai art gallery,2,Wat Chedi Luang — Ancient Ruins at the Heart of the Old City | Lanna Arts and Craftsmanship,itemToSearchQuery() 정규식이 서로 다른 소제목을 동일 검색어로 매핑 + fetchItemImages()에 아이템 간 중복 방지 로직 없음 + page=1 고정 → 동일 쿼리는 항상 동일 상위 이미지 반환
kyoto-day-trips-en,en,본문 섹션(###) 이미지 캐러셀,Kyoto temple shrine,2,Kasuga Taisha Shrine and Naramachi | Miyajima Island and Itsukushima Shrine,itemToSearchQuery() 정규식이 서로 다른 소제목을 동일 검색어로 매핑 + fetchItemImages()에 아이템 간 중복 방지 로직 없음 + page=1 고정 → 동일 쿼리는 항상 동일 상위 이미지 반환
kuala-lumpur-travel-guide-en,en,본문 섹션(###) 이미지 캐러셀,Kuala Lumpur nature park,2,Petronas Twin Towers and KLCC Park | Kuala Lumpur Bird Park and the Lake Gardens,itemToSearchQuery() 정규식이 서로 다른 소제목을 동일 검색어로 매핑 + fetchItemImages()에 아이템 간 중복 방지 로직 없음 + page=1 고정 → 동일 쿼리는 항상 동일 상위 이미지 반환
new-york-budget-travel-en,en,본문 섹션(###) 이미지 캐러셀,New York adventure,2,Walking as a Free Activity | Iconic Free Experiences,itemToSearchQuery() 정규식이 서로 다른 소제목을 동일 검색어로 매핑 + fetchItemImages()에 아이템 간 중복 방지 로직 없음 + page=1 고정 → 동일 쿼리는 항상 동일 상위 이미지 반환
shanghai-china-complete-travel-guide,ko,본문 섹션(###) 이미지 캐러셀,Shanghai art gallery,2,타이캉루 예술 거리 (田子坊) | M50 창의 예술 단지,itemToSearchQuery() 정규식이 서로 다른 소제목을 동일 검색어로 매핑 + fetchItemImages()에 아이템 간 중복 방지 로직 없음 + page=1 고정 → 동일 쿼리는 항상 동일 상위 이미지 반환
seoul-travel-guide-en,en,본문 섹션(###) 이미지 캐러셀,Seoul airport,2,Airport Limousine Bus | Taxi from Incheon Airport,itemToSearchQuery() 정규식이 서로 다른 소제목을 동일 검색어로 매핑 + fetchItemImages()에 아이템 간 중복 방지 로직 없음 + page=1 고정 → 동일 쿼리는 항상 동일 상위 이미지 반환
seoul-travel-guide-en,en,본문 섹션(###) 이미지 캐러셀,Money Card Seoul,2,Where to Buy and Load a T-Money Card | Refunding a T-Money Card,itemToSearchQuery() 정규식이 서로 다른 소제목을 동일 검색어로 매핑 + fetchItemImages()에 아이템 간 중복 방지 로직 없음 + page=1 고정 → 동일 쿼리는 항상 동일 상위 이미지 반환
busan-travel-guide-en,en,본문 섹션(###) 이미지 캐러셀,Option Busan,2,Option 2: Domestic Flight | Option 3: Express Bus,itemToSearchQuery() 정규식이 서로 다른 소제목을 동일 검색어로 매핑 + fetchItemImages()에 아이템 간 중복 방지 로직 없음 + page=1 고정 → 동일 쿼리는 항상 동일 상위 이미지 반환
busan-travel-guide-en,en,본문 섹션(###) 이미지 캐러셀,Busan beach ocean,2,Gwangalli Beach and Gwangan Bridge | Pajeon (파전) — Korean Seafood Scallion Pancake,itemToSearchQuery() 정규식이 서로 다른 소제목을 동일 검색어로 매핑 + fetchItemImages()에 아이템 간 중복 방지 로직 없음 + page=1 고정 → 동일 쿼리는 항상 동일 상위 이미지 반환
busan-travel-guide-en,en,본문 섹션(###) 이미지 캐러셀,Busan nature park,2,"Milmyeon (밀면) — Busan's Signature Cold Noodles | Day 3: Temples, Nature, and Scenic Views",itemToSearchQuery() 정규식이 서로 다른 소제목을 동일 검색어로 매핑 + fetchItemImages()에 아이템 간 중복 방지 로직 없음 + page=1 고정 → 동일 쿼리는 항상 동일 상위 이미지 반환
jeju-island-travel-guide-en,en,본문 섹션(###) 이미지 캐러셀,Jeju Island beach ocean,2,Haemul Ttukbaegi (해물뚝배기) — Seafood Hot Pot | Discover Jeju's Beaches,itemToSearchQuery() 정규식이 서로 다른 소제목을 동일 검색어로 매핑 + fetchItemImages()에 아이템 간 중복 방지 로직 없음 + page=1 고정 → 동일 쿼리는 항상 동일 상위 이미지 반환
paris-travel-guide-en,en,본문 섹션(###) 이미지 캐러셀,Paris local market,2,Getting Around Paris on a Budget | Currency,itemToSearchQuery() 정규식이 서로 다른 소제목을 동일 검색어로 매핑 + fetchItemImages()에 아이템 간 중복 방지 로직 없음 + page=1 고정 → 동일 쿼리는 항상 동일 상위 이미지 반환
paris-travel-guide-en,en,본문 섹션(###) 이미지 캐러셀,Afternoon Paris,2,Afternoon: Trocadéro and the Seine River | Afternoon: Tuileries Garden and the Marais District,itemToSearchQuery() 정규식이 서로 다른 소제목을 동일 검색어로 매핑 + fetchItemImages()에 아이템 간 중복 방지 로직 없음 + page=1 고정 → 동일 쿼리는 항상 동일 상위 이미지 반환
paris-travel-guide-en,en,본문 섹션(###) 이미지 캐러셀,Germain Paris,2,Afternoon: Saint-Germain-des-Prés and Luxembourg Gardens | Evening: A Budget Farewell Dinner in Saint-Germain,itemToSearchQuery() 정규식이 서로 다른 소제목을 동일 검색어로 매핑 + fetchItemImages()에 아이템 간 중복 방지 로직 없음 + page=1 고정 → 동일 쿼리는 항상 동일 상위 이미지 반환
guam-travel-guide-en,en,본문 섹션(###) 이미지 캐러셀,Guam nature park,2,"War in the Pacific National Historical Park | Day 3: North Guam, Nature, and Departure",itemToSearchQuery() 정규식이 서로 다른 소제목을 동일 검색어로 매핑 + fetchItemImages()에 아이템 간 중복 방지 로직 없음 + page=1 고정 → 동일 쿼리는 항상 동일 상위 이미지 반환
tokyo-travel-guide-en,en,본문 섹션(###) 이미지 캐러셀,Tokyo culture tradition,2,Day 1: East Tokyo — History and Tradition | Day 2: West Tokyo — Modern Culture and Views,itemToSearchQuery() 정규식이 서로 다른 소제목을 동일 검색어로 매핑 + fetchItemImages()에 아이템 간 중복 방지 로직 없음 + page=1 고정 → 동일 쿼리는 항상 동일 상위 이미지 반환
incheon-travel-guide-en,en,본문 섹션(###) 이미지 캐러셀,Money Incheon,2,How to Use T-Money | Recharging T-Money,itemToSearchQuery() 정규식이 서로 다른 소제목을 동일 검색어로 매핑 + fetchItemImages()에 아이템 간 중복 방지 로직 없음 + page=1 고정 → 동일 쿼리는 항상 동일 상위 이미지 반환
nami-island-travel-guide-en,en,본문 섹션(###) 이미지 캐러셀,Step Nami Island,2,Step 3: Gapyeong Station to Nami Island Dock | Step 4: Ferry to Nami Island,itemToSearchQuery() 정규식이 서로 다른 소제목을 동일 검색어로 매핑 + fetchItemImages()에 아이템 간 중복 방지 로직 없음 + page=1 고정 → 동일 쿼리는 항상 동일 상위 이미지 반환
fukuoka-day-trip-ko,ko,본문 섹션(###) 이미지 캐러셀,Fukuoka metro subway,2,지하철 1일권 활용 | 니시테츠 버스와 전철,itemToSearchQuery() 정규식이 서로 다른 소제목을 동일 검색어로 매핑 + fetchItemImages()에 아이템 간 중복 방지 로직 없음 + page=1 고정 → 동일 쿼리는 항상 동일 상위 이미지 반환
paris-first-timers-guide-en,en,본문 섹션(###) 이미지 캐러셀,Paris museum,2,The Louvre Museum | Dress Code and Museum Etiquette,itemToSearchQuery() 정규식이 서로 다른 소제목을 동일 검색어로 매핑 + fetchItemImages()에 아이템 간 중복 방지 로직 없음 + page=1 고정 → 동일 쿼리는 항상 동일 상위 이미지 반환
kyoto-kimono-experience-ko,ko,본문 섹션(###) 이미지 캐러셀,Kyoto temple shrine,2,사찰·신사 방문 시 매너 | 반나절 코스 추천,itemToSearchQuery() 정규식이 서로 다른 소제목을 동일 검색어로 매핑 + fetchItemImages()에 아이템 간 중복 방지 로직 없음 + page=1 고정 → 동일 쿼리는 항상 동일 상위 이미지 반환
paris-budget-travel-en,en,본문 섹션(###) 이미지 캐러셀,Paris museum,2,Public Holidays and Free Museum Days | Free Museums and Galleries,itemToSearchQuery() 정규식이 서로 다른 소제목을 동일 검색어로 매핑 + fetchItemImages()에 아이템 간 중복 방지 로직 없음 + page=1 고정 → 동일 쿼리는 항상 동일 상위 이미지 반환
barcelona-beach-food-guide-ko,ko,본문 섹션(###) 이미지 캐러셀,Barcelona restaurant,2,Restaurante 7 Portes | 관광객 함정 레스토랑 피하는 법,itemToSearchQuery() 정규식이 서로 다른 소제목을 동일 검색어로 매핑 + fetchItemImages()에 아이템 간 중복 방지 로직 없음 + page=1 고정 → 동일 쿼리는 항상 동일 상위 이미지 반환
sapporo-winter-guide-en,en,본문 섹션(###) 이미지 캐러셀,Sapporo nature park,2,Odori Park and TV Tower | Shiroi Koibito Park,itemToSearchQuery() 정규식이 서로 다른 소제목을 동일 검색어로 매핑 + fetchItemImages()에 아이템 간 중복 방지 로직 없음 + page=1 고정 → 동일 쿼리는 항상 동일 상위 이미지 반환
sapporo-winter-guide-en,en,본문 섹션(###) 이미지 캐러셀,Sapporo resort pool,2,Sapporo Teine Ski Resort | Kokusai Ski Resort,itemToSearchQuery() 정규식이 서로 다른 소제목을 동일 검색어로 매핑 + fetchItemImages()에 아이템 간 중복 방지 로직 없음 + page=1 고정 → 동일 쿼리는 항상 동일 상위 이미지 반환
taipei-best-restaurants-ko,ko,본문 섹션(###) 이미지 캐러셀,Taipei food cuisine,2,대만 음식의 특징 | 타이베이 음식 여행 전 알아둘 점,itemToSearchQuery() 정규식이 서로 다른 소제목을 동일 검색어로 매핑 + fetchItemImages()에 아이템 간 중복 방지 로직 없음 + page=1 고정 → 동일 쿼리는 항상 동일 상위 이미지 반환
taipei-best-restaurants-ko,ko,본문 섹션(###) 이미지 캐러셀,Taipei shopping market,2,스린 야시장 (士林夜市) | 닝샤 야시장 (寧夏夜市),itemToSearchQuery() 정규식이 서로 다른 소제목을 동일 검색어로 매핑 + fetchItemImages()에 아이템 간 중복 방지 로직 없음 + page=1 고정 → 동일 쿼리는 항상 동일 상위 이미지 반환
bali-ubud-guide-en,en,본문 섹션(###) 이미지 캐러셀,Bali temple shrine,2,Tirta Empul Temple | Dress Code and Temple Etiquette,itemToSearchQuery() 정규식이 서로 다른 소제목을 동일 검색어로 매핑 + fetchItemImages()에 아이템 간 중복 방지 로직 없음 + page=1 고정 → 동일 쿼리는 항상 동일 상위 이미지 반환
bali-ubud-guide-en,en,본문 섹션(###) 이미지 캐러셀,Bali local market,2,Budget and Midrange Options | Currency and Payment,itemToSearchQuery() 정규식이 서로 다른 소제목을 동일 검색어로 매핑 + fetchItemImages()에 아이템 간 중복 방지 로직 없음 + page=1 고정 → 동일 쿼리는 항상 동일 상위 이미지 반환
amsterdam-complete-guide-en,en,본문 섹션(###) 이미지 캐러셀,Amsterdam museum,2,The Rijksmuseum | Van Gogh Museum,itemToSearchQuery() 정규식이 서로 다른 소제목을 동일 검색어로 매핑 + fetchItemImages()에 아이템 간 중복 방지 로직 없음 + page=1 고정 → 동일 쿼리는 항상 동일 상위 이미지 반환
amsterdam-complete-guide-en,en,본문 섹션(###) 이미지 캐러셀,Amsterdam food cuisine,2,Dutch Cuisine and Local Specialties | Indonesian Food in Amsterdam,itemToSearchQuery() 정규식이 서로 다른 소제목을 동일 검색어로 매핑 + fetchItemImages()에 아이템 간 중복 방지 로직 없음 + page=1 고정 → 동일 쿼리는 항상 동일 상위 이미지 반환
rome-best-restaurants-ko,ko,본문 섹션(###) 이미지 캐러셀,Rome culture tradition,2,코페르토와 팁 문화 | 로마식 에스프레소 문화,itemToSearchQuery() 정규식이 서로 다른 소제목을 동일 검색어로 매핑 + fetchItemImages()에 아이템 간 중복 방지 로직 없음 + page=1 고정 → 동일 쿼리는 항상 동일 상위 이미지 반환
prague-budget-travel-en,en,본문 섹션(###) 이미지 캐러셀,Prague local market,2,Daily Budget Estimates | Walking as a Budget Strategy,itemToSearchQuery() 정규식이 서로 다른 소제목을 동일 검색어로 매핑 + fetchItemImages()에 아이템 간 중복 방지 로직 없음 + page=1 고정 → 동일 쿼리는 항상 동일 상위 이미지 반환
melbourne-travel-guide-en,en,본문 섹션(###) 이미지 캐러셀,Melbourne shopping market,2,"Explore Queen Victoria Market | Day 2: Markets, Gardens, and St Kilda",itemToSearchQuery() 정규식이 서로 다른 소제목을 동일 검색어로 매핑 + fetchItemImages()에 아이템 간 중복 방지 로직 없음 + page=1 고정 → 동일 쿼리는 항상 동일 상위 이미지 반환
toronto-travel-guide-en,en,본문 섹션(###) 이미지 캐러셀,Toronto shopping market,2,St. Lawrence Market | Kensington Market,itemToSearchQuery() 정규식이 서로 다른 소제목을 동일 검색어로 매핑 + fetchItemImages()에 아이템 간 중복 방지 로직 없음 + page=1 고정 → 동일 쿼리는 항상 동일 상위 이미지 반환
bangkok-temples-guide-ko,ko,본문 섹션(###) 이미지 캐러셀,Bangkok transportation,2,대중교통 이용법 | 왓 아룬 이동 방법,itemToSearchQuery() 정규식이 서로 다른 소제목을 동일 검색어로 매핑 + fetchItemImages()에 아이템 간 중복 방지 로직 없음 + page=1 고정 → 동일 쿼리는 항상 동일 상위 이미지 반환
athens-travel-guide-en,en,본문 섹션(###) 이미지 캐러셀,Athens shopping market,2,Monastiraki and the Flea Market | Exploring Athens' Central Market,itemToSearchQuery() 정규식이 서로 다른 소제목을 동일 검색어로 매핑 + fetchItemImages()에 아이템 간 중복 방지 로직 없음 + page=1 고정 → 동일 쿼리는 항상 동일 상위 이미지 반환
kyoto-temples-guide-ko,ko,본문 섹션(###) 이미지 캐러셀,Kyoto nature park,2,니넨자카·산넨자카 돌계단 거리 | 예산 계획,itemToSearchQuery() 정규식이 서로 다른 소제목을 동일 검색어로 매핑 + fetchItemImages()에 아이템 간 중복 방지 로직 없음 + page=1 고정 → 동일 쿼리는 항상 동일 상위 이미지 반환
dubai-budget-travel-en,en,본문 섹션(###) 이미지 캐러셀,Dubai shopping market,2,Local Markets and Grocery Shopping | Carry Cash for Local Markets,itemToSearchQuery() 정규식이 서로 다른 소제목을 동일 검색어로 매핑 + fetchItemImages()에 아이템 간 중복 방지 로직 없음 + page=1 고정 → 동일 쿼리는 항상 동일 상위 이미지 반환
seoul-insadong-guide-ko,ko,본문 섹션(###) 이미지 캐러셀,Seoul metro subway,2,지하철 이용 | 버스 및 기타 교통,itemToSearchQuery() 정규식이 서로 다른 소제목을 동일 검색어로 매핑 + fetchItemImages()에 아이템 간 중복 방지 로직 없음 + page=1 고정 → 동일 쿼리는 항상 동일 상위 이미지 반환
seoul-insadong-guide-ko,ko,본문 섹션(###) 이미지 캐러셀,Seoul shopping market,2,추천 쇼핑 품목 | 쇼핑 시 유의 사항,itemToSearchQuery() 정규식이 서로 다른 소제목을 동일 검색어로 매핑 + fetchItemImages()에 아이템 간 중복 방지 로직 없음 + page=1 고정 → 동일 쿼리는 항상 동일 상위 이미지 반환
copenhagen-travel-guide-en,en,본문 섹션(###) 이미지 캐러셀,Copenhagen nature park,2,"Tivoli Gardens — The World's Second Oldest Amusement Park | Day 2: Museums, Parks, and Freetown Christiania",itemToSearchQuery() 정규식이 서로 다른 소제목을 동일 검색어로 매핑 + fetchItemImages()에 아이템 간 중복 방지 로직 없음 + page=1 고정 → 동일 쿼리는 항상 동일 상위 이미지 반환
jeonju-travel-guide-en,en,본문 섹션(###) 이미지 캐러셀,Option Jeonju,2,Option 2: KTX Train via Seoul or Iksan | Option 3: Express Bus from Seoul,itemToSearchQuery() 정규식이 서로 다른 소제목을 동일 검색어로 매핑 + fetchItemImages()에 아이템 간 중복 방지 로직 없음 + page=1 고정 → 동일 쿼리는 항상 동일 상위 이미지 반환
tokyo-shinjuku-guide-en,en,본문 섹션(###) 이미지 캐러셀,Tokyo airport,2,From Narita International Airport | From Haneda Airport,itemToSearchQuery() 정규식이 서로 다른 소제목을 동일 검색어로 매핑 + fetchItemImages()에 아이템 간 중복 방지 로직 없음 + page=1 고정 → 동일 쿼리는 항상 동일 상위 이미지 반환
bali-temples-guide-ko,ko,본문 섹션(###) 이미지 캐러셀,Bali temple shrine,2,발리 힌두교와 사원 문화의 배경 | 방문 시 알아야 할 복장 및 예절 규정,itemToSearchQuery() 정규식이 서로 다른 소제목을 동일 검색어로 매핑 + fetchItemImages()에 아이템 간 중복 방지 로직 없음 + page=1 고정 → 동일 쿼리는 항상 동일 상위 이미지 반환
tokyo-cherry-blossom-guide-en,en,본문 섹션(###) 이미지 캐러셀,Tokyo beach ocean,2,Getting Around Tokyo During Sakura Season | Dining During Cherry Blossom Season,itemToSearchQuery() 정규식이 서로 다른 소제목을 동일 검색어로 매핑 + fetchItemImages()에 아이템 간 중복 방지 로직 없음 + page=1 고정 → 동일 쿼리는 항상 동일 상위 이미지 반환
tokyo-best-restaurants-ko,ko,본문 섹션(###) 이미지 캐러셀,Tokyo culture tradition,2,도쿄 식문화의 특징 | 예약 및 줄서기 문화,itemToSearchQuery() 정규식이 서로 다른 소제목을 동일 검색어로 매핑 + fetchItemImages()에 아이템 간 중복 방지 로직 없음 + page=1 고정 → 동일 쿼리는 항상 동일 상위 이미지 반환
osaka-dotonbori-guide-en,en,본문 섹션(###) 이미지 캐러셀,Osaka local market,2,Budget Eating Tips for Dotonbori | Money and Payments,itemToSearchQuery() 정규식이 서로 다른 소제목을 동일 검색어로 매핑 + fetchItemImages()에 아이템 간 중복 방지 로직 없음 + page=1 고정 → 동일 쿼리는 항상 동일 상위 이미지 반환
singapore-budget-travel-en,en,본문 섹션(###) 이미지 캐러셀,Singapore shopping market,2,Supermarkets and Convenience Stores | Bugis Street Market,itemToSearchQuery() 정규식이 서로 다른 소제목을 동일 검색어로 매핑 + fetchItemImages()에 아이템 간 중복 방지 로직 없음 + page=1 고정 → 동일 쿼리는 항상 동일 상위 이미지 반환
istanbul-food-guide-en,en,본문 섹션(###) 이미지 캐러셀,Istanbul food cuisine,2,The Role of Geography in Istanbul's Food | Food Tours and Cooking Classes,itemToSearchQuery() 정규식이 서로 다른 소제목을 동일 검색어로 매핑 + fetchItemImages()에 아이템 간 중복 방지 로직 없음 + page=1 고정 → 동일 쿼리는 항상 동일 상위 이미지 반환
istanbul-food-guide-en,en,본문 섹션(###) 이미지 캐러셀,Istanbul restaurant,2,Neighborhood Dining Cultures | Pandeli Restaurant,itemToSearchQuery() 정규식이 서로 다른 소제목을 동일 검색어로 매핑 + fetchItemImages()에 아이템 간 중복 방지 로직 없음 + page=1 고정 → 동일 쿼리는 항상 동일 상위 이미지 반환
istanbul-food-guide-en,en,본문 섹션(###) 이미지 캐러셀,Istanbul culture tradition,2,Meze and Rakı Culture | Turkish Tea Culture,itemToSearchQuery() 정규식이 서로 다른 소제목을 동일 검색어로 매핑 + fetchItemImages()에 아이템 간 중복 방지 로직 없음 + page=1 고정 → 동일 쿼리는 항상 동일 상위 이미지 반환
bali-surfing-guide-en,en,본문 섹션(###) 이미지 캐러셀,Bali city street,2,Certification and Safety Standards | Ocean Safety Tips,itemToSearchQuery() 정규식이 서로 다른 소제목을 동일 검색어로 매핑 + fetchItemImages()에 아이템 간 중복 방지 로직 없음 + page=1 고정 → 동일 쿼리는 항상 동일 상위 이미지 반환
tokyo-shibuya-guide-en,en,본문 섹션(###) 이미지 캐러셀,Shibuya Tokyo,2,Shibuya 109 | Shibuya's Live Music Scene,itemToSearchQuery() 정규식이 서로 다른 소제목을 동일 검색어로 매핑 + fetchItemImages()에 아이템 간 중복 방지 로직 없음 + page=1 고정 → 동일 쿼리는 항상 동일 상위 이미지 반환
busan-haeundae-guide-ko,ko,본문 섹션(###) 이미지 캐러셀,부산 metro subway,2,지하철 이용 | 버스 및 택시 이용,itemToSearchQuery() 정규식이 서로 다른 소제목을 동일 검색어로 매핑 + fetchItemImages()에 아이템 간 중복 방지 로직 없음 + page=1 고정 → 동일 쿼리는 항상 동일 상위 이미지 반환
kyoto-japan-travel-guide-complete,ko,본문 섹션(###) 이미지 캐러셀,Kyoto food cuisine,2,🍣 가이세키 요리 (懐石料理) | 🥢 니시키 시장 먹거리,itemToSearchQuery() 정규식이 서로 다른 소제목을 동일 검색어로 매핑 + fetchItemImages()에 아이템 간 중복 방지 로직 없음 + page=1 고정 → 동일 쿼리는 항상 동일 상위 이미지 반환
tokyo-cherry-blossom-ko,ko,본문 섹션(###) 이미지 캐러셀,Tokyo temple shrine,2,개화 시기와 절정 시기 | 야스쿠니 신사 (靖国神社),itemToSearchQuery() 정규식이 서로 다른 소제목을 동일 검색어로 매핑 + fetchItemImages()에 아이템 간 중복 방지 로직 없음 + page=1 고정 → 동일 쿼리는 항상 동일 상위 이미지 반환
okinawa-japan-travel-guide-for-korean-travelers-2024,ko,본문 섹션(###) 이미지 캐러셀,Okinawa travel,2,식당 이용 팁 | 필수 준비물과 주의 사항,itemToSearchQuery() 정규식이 서로 다른 소제목을 동일 검색어로 매핑 + fetchItemImages()에 아이템 간 중복 방지 로직 없음 + page=1 고정 → 동일 쿼리는 항상 동일 상위 이미지 반환
cebu-philippines-travel-guide-for-koreans-2024,ko,본문 섹션(###) 이미지 캐러셀,Cebu nature park,2,오스메냐 피크와 산악 트레킹 | 산토니뇨 성당과 마젤란 십자가,itemToSearchQuery() 정규식이 서로 다른 소제목을 동일 검색어로 매핑 + fetchItemImages()에 아이템 간 중복 방지 로직 없음 + page=1 고정 → 동일 쿼리는 항상 동일 상위 이미지 반환
boracay-travel-guide-for-korean-travelers-2024,ko,본문 섹션(###) 이미지 캐러셀,Boracay food cuisine,2,현지 필리핀 음식 | 한국 식당과 음식 환경,itemToSearchQuery() 정규식이 서로 다른 소제목을 동일 검색어로 매핑 + fetchItemImages()에 아이템 간 중복 방지 로직 없음 + page=1 고정 → 동일 쿼리는 항상 동일 상위 이미지 반환
manila-travel-guide-for-korean-travelers-2024,ko,본문 섹션(###) 이미지 캐러셀,Manila transportation,2,시내 주요 교통수단 | 이동 시 주의사항,itemToSearchQuery() 정규식이 서로 다른 소제목을 동일 검색어로 매핑 + fetchItemImages()에 아이템 간 중복 방지 로직 없음 + page=1 고정 → 동일 쿼리는 항상 동일 상위 이미지 반환
taichung-taiwan-travel-guide-korean,ko,본문 섹션(###) 이미지 캐러셀,Taichung shopping market,2,펑지아 야시장 (逢甲夜市) | 쇼핑 명소,itemToSearchQuery() 정규식이 서로 다른 소제목을 동일 검색어로 매핑 + fetchItemImages()에 아이템 간 중복 방지 로직 없음 + page=1 고정 → 동일 쿼리는 항상 동일 상위 이미지 반환
taipei-shopping-guide-ko,ko,추천 장소(PlaceCard) 카드 이미지,https://images.unsplash.com/photo-1598935898639-81586f7d2129,3,타이베이 101 쇼핑몰 | 스린 야시장(士林夜市) | 라오허제 야시장(饒河街觀光夜市),"PlaceCard가 장소별로 독립적으로 fetchUnsplashPhoto(per_page=1) 호출, 페이지 내 카드 간 중복 방지(usedUrls) 없음 → 실측 재현 확인 (curl로 직접 검증)"
