type,topic,variant,url,db_id,slug,language,published,char_count,views_count,created_at,updated_at
travel_plan,Singapore (Singapore),family-3d-en,/en/destinations/Singapore/Singapore/singapore-family-3days-en,073e8485-9785-4fb6-b7e6-3dc3b8ef1207,singapore-family-3days-en,en,true,6252,61,2026-05-22T03:17:35.515985+00:00,
travel_plan,사이판 (사이판),friends-3d-ko,/destinations/%EC%82%AC%EC%9D%B4%ED%8C%90/%EC%82%AC%EC%9D%B4%ED%8C%90/saipan-friends-3days,353074e0-20ff-4dc9-b456-559045e3e7fe,saipan-friends-3days,ko,true,993,49,2026-05-22T05:07:41.190782+00:00,
travel_plan,후쿠오카 (일본),couple-3d-ko,/destinations/%EC%9D%BC%EB%B3%B8/%ED%9B%84%EC%BF%A0%EC%98%A4%EC%B9%B4/fukuoka-couple-3days,6141d9a3-7d13-4df0-b5fe-1d6d6c0facd6,fukuoka-couple-3days,ko,true,1038,48,2026-05-22T04:49:21.454323+00:00,
travel_plan,마닐라 (필리핀),friends-3d-ko,/destinations/%ED%95%84%EB%A6%AC%ED%95%80/%EB%A7%88%EB%8B%90%EB%9D%BC/manila-friends-3days,3de150ed-2cca-49b8-a029-14a96c263089,manila-friends-3days,ko,true,1424,54,2026-05-22T05:04:12.898081+00:00,
travel_plan,호치민 (베트남),couple-3d-ko,/destinations/%EB%B2%A0%ED%8A%B8%EB%82%A8/%ED%98%B8%EC%B9%98%EB%AF%BC/ho-chi-minh-couple-3days,03a75626-9d6b-4438-b815-6f5bc19d7b1e,ho-chi-minh-couple-3days,ko,true,1198,50,2026-05-22T07:09:32.096237+00:00,
travel_plan,타이베이 (대만),solo-2d-ko,/destinations/%EB%8C%80%EB%A7%8C/%ED%83%80%EC%9D%B4%EB%B2%A0%EC%9D%B4/taipei-solo-2days,bc636948-355b-4ae9-b14f-e24090550feb,taipei-solo-2days,ko,true,708,99,2026-05-22T05:38:15.054027+00:00,
travel_plan,후쿠오카 (일본),friends-3d-ko,/destinations/%EC%9D%BC%EB%B3%B8/%ED%9B%84%EC%BF%A0%EC%98%A4%EC%B9%B4/fukuoka-friends-3days,bf2a7125-673e-414a-9eb5-2a21e8946dd7,fukuoka-friends-3days,ko,true,956,59,2026-05-22T04:50:26.505885+00:00,
travel_plan,오사카 (일본),solo-3d-ko,/destinations/%EC%9D%BC%EB%B3%B8/%EC%98%A4%EC%82%AC%EC%B9%B4/osaka-solo-3days,501ac48f-34d8-4ab4-9c78-b32863159f24,osaka-solo-3days,ko,true,1520,59,2026-05-13T04:46:11.318915+00:00,
travel_plan,괌 (괌),solo-2d-ko,/destinations/%EA%B4%8C/%EA%B4%8C/guam-solo-2days,c588404d-5d2a-4907-bb49-ff5ee89498d3,guam-solo-2days,ko,true,664,39,2026-05-22T05:21:00.788875+00:00,
travel_plan,타이중 (대만),friends-3d-ko,/destinations/%EB%8C%80%EB%A7%8C/%ED%83%80%EC%9D%B4%EC%A4%91/taichung-friends-3days,e8b4e127-678e-45ae-adeb-111d14d7ba34,taichung-friends-3days,ko,true,1067,45,2026-05-22T05:39:30.24891+00:00,
travel_plan,치앙마이 (태국),friends-3d-ko,/destinations/%ED%83%9C%EA%B5%AD/%EC%B9%98%EC%95%99%EB%A7%88%EC%9D%B4/chiang-mai-friends-3days,5c3995b0-c165-48a1-8c62-90a1eb152a00,chiang-mai-friends-3days,ko,true,1327,68,2026-05-13T05:04:43.102277+00:00,
travel_plan,교토 (일본),solo-3d-ko,/destinations/%EC%9D%BC%EB%B3%B8/%EA%B5%90%ED%86%A0/kyoto-solo-3days,c45d2fc8-14ff-4a68-9bc3-0caa9afa1be7,kyoto-solo-3days,ko,true,1172,120,2026-05-13T04:50:19.497974+00:00,
travel_plan,런던 (영국),family-4d-ko,/destinations/%EC%98%81%EA%B5%AD/%EB%9F%B0%EB%8D%98/london-family-4days,a7685aca-4e06-4aad-959c-eb30fc1844f7,london-family-4days,ko,true,1414,56,2026-05-13T05:14:48.312772+00:00,
travel_plan,파리 (프랑스),friends-3d-ko,/destinations/%ED%94%84%EB%9E%91%EC%8A%A4/%ED%8C%8C%EB%A6%AC/paris-friends-3days,cc32dead-9ccb-46cc-be87-7ec8b49c4f2b,paris-friends-3days,ko,true,4935,210,2026-05-13T04:53:15.495706+00:00,
travel_plan,괌 (괌),couple-3d-ko,/destinations/%EA%B4%8C/%EA%B4%8C/guam-couple-3days,059e8c8f-9cd4-4151-ac4f-c182790bcd94,guam-couple-3days,ko,true,1250,52,2026-05-22T07:13:39.943621+00:00,
travel_plan,London (UK),couple-4d-en,/en/destinations/UK/London/london-couple-4days-en,b1151f6a-43e3-4c5e-80bf-f10888f4b8bc,london-couple-4days-en,en,true,10720,46,2026-05-22T03:19:26.469375+00:00,
travel_plan,교토 (일본),friends-3d-ko,/destinations/%EC%9D%BC%EB%B3%B8/%EA%B5%90%ED%86%A0/kyoto-friends-3days,b131d83f-3a05-4b1e-957c-f391e7815a28,kyoto-friends-3days,ko,true,1140,58,2026-05-13T04:49:24.572751+00:00,
travel_plan,교토 (일본),family-4d-ko,/destinations/%EC%9D%BC%EB%B3%B8/%EA%B5%90%ED%86%A0/kyoto-family-4days,2f0bece4-8209-433f-bd82-50401156b6ea,kyoto-family-4days,ko,true,1752,78,2026-05-13T04:48:25.686207+00:00,
travel_plan,나트랑 (베트남),friends-3d-ko,/destinations/%EB%B2%A0%ED%8A%B8%EB%82%A8/%EB%82%98%ED%8A%B8%EB%9E%91/nha-trang-friends-3days,24975449-5683-4385-9764-f954c3965793,nha-trang-friends-3days,ko,true,1153,80,2026-05-22T04:54:42.336275+00:00,
travel_plan,오사카 (일본),family-4d-ko,/destinations/%EC%9D%BC%EB%B3%B8/%EC%98%A4%EC%82%AC%EC%B9%B4/osaka-family-4days,9d9228b5-0d13-4c9a-8298-8cc3160f767f,osaka-family-4days,ko,true,1557,115,2026-05-13T04:44:01.348398+00:00,
travel_plan,하노이 (베트남),couple-3d-ko,/destinations/%EB%B2%A0%ED%8A%B8%EB%82%A8/%ED%95%98%EB%85%B8%EC%9D%B4/hanoi-couple-3days,d7daa23a-013b-464d-bfda-1af7e0400e92,hanoi-couple-3days,ko,true,1133,77,2026-05-22T04:56:01.612908+00:00,
travel_plan,파리 (프랑스),solo-3d-ko,/destinations/%ED%94%84%EB%9E%91%EC%8A%A4/%ED%8C%8C%EB%A6%AC/paris-solo-3days,5a88f5e5-083c-440b-8a94-32b83632b36d,paris-solo-3days,ko,true,4910,297,2026-05-13T04:53:59.895144+00:00,
travel_plan,시드니 (호주),friends-4d-ko,/destinations/%ED%98%B8%EC%A3%BC/%EC%8B%9C%EB%93%9C%EB%8B%88/sydney-friends-4days,035d7931-8910-46f5-bbb2-5d16d9de1232,sydney-friends-4days,ko,true,1528,83,2026-05-27T09:10:45.140215+00:00,
travel_plan,보라카이 (필리핀),friends-3d-ko,/destinations/%ED%95%84%EB%A6%AC%ED%95%80/%EB%B3%B4%EB%9D%BC%EC%B9%B4%EC%9D%B4/boracay-friends-3days,2a7538ec-1ee5-4752-b6d6-b1f30605bf54,boracay-friends-3days,ko,true,1192,52,2026-05-22T07:12:39.601868+00:00,
travel_plan,괌 (괌),friends-3d-ko,/destinations/%EA%B4%8C/%EA%B4%8C/guam-friends-3days,a03cd44a-055c-44d1-8b4f-e6108e4170f9,guam-friends-3days,ko,true,1193,61,2026-05-22T05:05:43.326465+00:00,
travel_plan,멜버른 (호주),couple-4d-ko,/destinations/%ED%98%B8%EC%A3%BC/%EB%A9%9C%EB%B2%84%EB%A5%B8/melbourne-couple-4days,ef05fc50-30ad-4f10-bb63-43096106d753,melbourne-couple-4days,ko,true,1386,65,2026-05-27T09:12:43.447523+00:00,
travel_plan,나트랑 (베트남),solo-2d-ko,/destinations/%EB%B2%A0%ED%8A%B8%EB%82%A8/%EB%82%98%ED%8A%B8%EB%9E%91/nha-trang-solo-2days,794726c5-eb2e-4891-9e51-4d20b68a6bbd,nha-trang-solo-2days,ko,true,796,93,2026-05-22T07:08:23.612261+00:00,
travel_plan,후쿠오카 (일본),solo-2d-ko,/destinations/%EC%9D%BC%EB%B3%B8/%ED%9B%84%EC%BF%A0%EC%98%A4%EC%B9%B4/fukuoka-solo-2days,b69a8c08-c66f-4fd8-aab0-3d43b99a0ea9,fukuoka-solo-2days,ko,true,651,81,2026-05-22T07:05:51.234535+00:00,
travel_plan,싱가포르 (싱가포르),solo-3d-ko,/destinations/%EC%8B%B1%EA%B0%80%ED%8F%AC%EB%A5%B4/%EC%8B%B1%EA%B0%80%ED%8F%AC%EB%A5%B4/singapore-solo-3days,0c54d905-7ce9-44cc-bd69-bffde6b30a2f,singapore-solo-3days,ko,true,1728,208,2026-05-13T05:12:51.378115+00:00,
travel_plan,치앙마이 (태국),solo-3d-ko,/destinations/%ED%83%9C%EA%B5%AD/%EC%B9%98%EC%95%99%EB%A7%88%EC%9D%B4/chiang-mai-solo-3days,7ced170a-8dce-4046-b777-79f81493b6c2,chiang-mai-solo-3days,ko,true,1302,67,2026-05-13T05:05:44.19079+00:00,
travel_plan,멜버른 (호주),solo-3d-ko,/destinations/%ED%98%B8%EC%A3%BC/%EB%A9%9C%EB%B2%84%EB%A5%B8/melbourne-solo-3days,0afee0a0-a00c-4011-9330-9b5f9c28e746,melbourne-solo-3days,ko,true,1006,60,2026-05-27T09:14:45.142197+00:00,
travel_plan,타이중 (대만),couple-3d-ko,/destinations/%EB%8C%80%EB%A7%8C/%ED%83%80%EC%9D%B4%EC%A4%91/taichung-couple-3days,9176bc5f-ef6d-4dd9-87a3-5f321c10c334,taichung-couple-3days,ko,true,1243,61,2026-05-22T05:22:48.879081+00:00,
travel_plan,타이중 (대만),solo-2d-ko,/destinations/%EB%8C%80%EB%A7%8C/%ED%83%80%EC%9D%B4%EC%A4%91/taichung-solo-2days,bb578a2b-6bf4-4784-9275-63a311596112,taichung-solo-2days,ko,true,689,127,2026-05-22T05:40:25.865755+00:00,
travel_plan,바르셀로나 (스페인),couple-3d-ko,/destinations/%EC%8A%A4%ED%8E%98%EC%9D%B8/%EB%B0%94%EB%A5%B4%EC%85%80%EB%A1%9C%EB%82%98/barcelona-couple-3days,6b71cce2-6e7c-4ab6-8404-25ce72384e3d,barcelona-couple-3days,ko,true,1836,45,2026-05-13T04:54:55.44407+00:00,
travel_plan,런던 (영국),couple-3d-ko,/destinations/%EC%98%81%EA%B5%AD/%EB%9F%B0%EB%8D%98/london-couple-3days,4b690344-7178-4879-8cb6-a1c5f7496f5f,london-couple-3days,ko,true,1603,91,2026-05-13T05:13:48.14475+00:00,
travel_plan,나고야 (일본),friends-3d-ko,/destinations/%EC%9D%BC%EB%B3%B8/%EB%82%98%EA%B3%A0%EC%95%BC/nagoya-friends-3days,3d5bdafa-b4c1-4371-96e9-427d155a3f9f,nagoya-friends-3days,ko,true,1190,37,2026-05-22T05:15:13.910742+00:00,
travel_plan,Rome (Italy),couple-3d-en,/en/destinations/Italy/Rome/rome-couple-3days-en,2d2615f6-c2c0-4ec9-9d4e-e498b46633be,rome-couple-3days-en,en,true,8016,37,2026-05-22T03:22:36.693958+00:00,
travel_plan,보라카이 (필리핀),couple-3d-ko,/destinations/%ED%95%84%EB%A6%AC%ED%95%80/%EB%B3%B4%EB%9D%BC%EC%B9%B4%EC%9D%B4/boracay-couple-3days,dc54faa6-dc7a-4ddc-bd2a-70c104de364b,boracay-couple-3days,ko,true,1238,44,2026-05-22T05:01:13.799662+00:00,
travel_plan,Amsterdam (Netherlands),couple-3d-en,/en/destinations/Netherlands/Amsterdam/amsterdam-couple-3days-en,8ffa704b-b15a-413d-939d-e3d49e9785d5,amsterdam-couple-3days-en,en,true,6305,71,2026-05-22T03:26:01.501969+00:00,
travel_plan,도쿄 (일본),friends-3d-ko,/destinations/%EC%9D%BC%EB%B3%B8/%EB%8F%84%EC%BF%84/tokyo-friends-3days,f9b61f88-f9da-42b7-ac45-b07e555bcde5,tokyo-friends-3days,ko,true,1420,79,2026-05-13T04:41:04.507336+00:00,
travel_plan,Seoul (South Korea),couple-3d-en,/en/destinations/South%20Korea/Seoul/seoul-couple-3days-en,4360a878-a3a7-410d-987f-cdbe8fc84939,seoul-couple-3days-en,en,true,7972,43,2026-05-26T05:26:14.992802+00:00,
travel_plan,바르셀로나 (스페인),solo-3d-ko,/destinations/%EC%8A%A4%ED%8E%98%EC%9D%B8/%EB%B0%94%EB%A5%B4%EC%85%80%EB%A1%9C%EB%82%98/barcelona-solo-3days,4ecc01cd-ee96-47d8-b0f4-19cbd27125bf,barcelona-solo-3days,ko,true,1799,61,2026-05-13T04:57:46.120983+00:00,
travel_plan,보라카이 (필리핀),solo-2d-ko,/destinations/%ED%95%84%EB%A6%AC%ED%95%80/%EB%B3%B4%EB%9D%BC%EC%B9%B4%EC%9D%B4/boracay-solo-2days,70adc798-17c3-46a9-929b-b81fe08e8b5d,boracay-solo-2days,ko,true,876,54,2026-05-22T05:02:13.186553+00:00,
travel_plan,Seoul (South Korea),solo-3d-en,/en/destinations/South%20Korea/Seoul/seoul-solo-3days-en,0d8cda3d-81a9-4670-b96b-8b9ee30a13a4,seoul-solo-3days-en,en,true,7863,57,2026-05-26T05:30:21.424284+00:00,
travel_plan,삿포로 (일본),solo-2d-ko,/destinations/%EC%9D%BC%EB%B3%B8/%EC%82%BF%ED%8F%AC%EB%A1%9C/sapporo-solo-2days,c0c98279-6db2-4ce2-83fe-151905d6dbd5,sapporo-solo-2days,ko,true,803,124,2026-05-22T05:42:31.416517+00:00,
travel_plan,시드니 (호주),solo-3d-ko,/destinations/%ED%98%B8%EC%A3%BC/%EC%8B%9C%EB%93%9C%EB%8B%88/sydney-solo-3days,06cdc74e-c0fe-4649-8b27-61c612a0d6f0,sydney-solo-3days,ko,true,1172,116,2026-05-27T09:11:40.386162+00:00,
travel_plan,오키나와 (일본),friends-3d-ko,/destinations/%EC%9D%BC%EB%B3%B8/%EC%98%A4%ED%82%A4%EB%82%98%EC%99%80/okinawa-friends-3days,1e0c20e7-e72e-4fdf-a1ff-e17277f1d316,okinawa-friends-3days,ko,true,943,37,2026-05-22T05:41:32.092579+00:00,
travel_plan,Seoul (South Korea),family-4d-en,/en/destinations/South%20Korea/Seoul/seoul-family-4days-en,2ff5f3f9-f682-4c22-af17-182e3e8ead44,seoul-family-4days-en,en,true,9873,66,2026-05-26T05:32:31.420204+00:00,
travel_plan,삿포로 (일본),friends-3d-ko,/destinations/%EC%9D%BC%EB%B3%B8/%EC%82%BF%ED%8F%AC%EB%A1%9C/sapporo-friends-3days,21964b3e-03d0-4363-b13a-54f23410157f,sapporo-friends-3days,ko,true,912,88,2026-05-22T05:25:55.44382+00:00,
travel_plan,Seoul (South Korea),friends-3d-en,/en/destinations/South%20Korea/Seoul/seoul-kpop-3days-en,b58bf4f8-51b2-42b4-8bc8-f67778d87504,seoul-kpop-3days-en,en,true,8423,47,2026-05-26T05:34:36.198831+00:00,
travel_plan,싱가포르 (싱가포르),couple-3d-ko,/destinations/%EC%8B%B1%EA%B0%80%ED%8F%AC%EB%A5%B4/%EC%8B%B1%EA%B0%80%ED%8F%AC%EB%A5%B4/singapore-couple-3days,6e4b0312-c28a-498d-a280-2a0af439f4da,singapore-couple-3days,ko,true,1476,66,2026-05-13T05:10:06.303954+00:00,
travel_plan,타이베이 (대만),couple-3d-ko,/destinations/%EB%8C%80%EB%A7%8C/%ED%83%80%EC%9D%B4%EB%B2%A0%EC%9D%B4/taipei-couple-3days,8edd3128-d1ed-4200-8dff-fcafce1113cc,taipei-couple-3days,ko,true,1020,57,2026-05-22T05:08:55.833186+00:00,
travel_plan,Busan (South Korea),couple-3d-en,/en/destinations/South%20Korea/Busan/busan-couple-3days-en,c67f93fb-0a36-4166-9899-0ec8dbc00b79,busan-couple-3days-en,en,true,9882,34,2026-05-26T05:36:37.19492+00:00,
travel_plan,다낭 (베트남),couple-3d-ko,/destinations/%EB%B2%A0%ED%8A%B8%EB%82%A8/%EB%8B%A4%EB%82%AD/da-nang-couple-3days,9e49d1ff-a13d-41d0-afbe-159c52c30392,da-nang-couple-3days,ko,true,1340,44,2026-05-22T04:51:52.755428+00:00,
travel_plan,Busan (South Korea),friends-3d-en,/en/destinations/South%20Korea/Busan/busan-friends-3days-en,712accad-47bc-4a37-8f2b-688494fedac0,busan-friends-3days-en,en,true,7588,40,2026-05-26T05:38:19.021486+00:00,
travel_plan,방콕 (태국),solo-3d-ko,/destinations/%ED%83%9C%EA%B5%AD/%EB%B0%A9%EC%BD%95/bangkok-solo-3days,f1a75222-eb4b-4a9b-9dc7-ca02993d7228,bangkok-solo-3days,ko,true,1194,114,2026-05-13T05:01:35.122532+00:00,
travel_plan,Paris (France),couple-4d-en,/en/destinations/France/Paris/paris-couple-4days-en,bb8aceb6-1fda-4d44-b057-ca06d0c7c99c,paris-couple-4days-en,en,true,9380,43,2026-05-22T03:12:33.598194+00:00,
travel_plan,사이판 (사이판),couple-3d-ko,/destinations/%EC%82%AC%EC%9D%B4%ED%8C%90/%EC%82%AC%EC%9D%B4%ED%8C%90/saipan-couple-3days,bf032fd3-e173-4d22-b1dc-91b2cc07f7c0,saipan-couple-3days,ko,true,1117,32,2026-05-22T05:06:51.49862+00:00,
travel_plan,도쿄 (일본),solo-3d-ko,/destinations/%EC%9D%BC%EB%B3%B8/%EB%8F%84%EC%BF%84/tokyo-solo-3days,747e0da1-e064-41d6-8785-04297843a7e4,tokyo-solo-3days,ko,true,1448,196,2026-05-13T04:42:08.896439+00:00,
travel_plan,발리 (인도네시아),couple-3d-ko,/destinations/%EC%9D%B8%EB%8F%84%EB%84%A4%EC%8B%9C%EC%95%84/%EB%B0%9C%EB%A6%AC/bali-couple-3days,f6db5c75-b794-461a-a4c1-f7a2b1558361,bali-couple-3days,ko,true,1593,64,2026-05-13T05:06:42.822693+00:00,
travel_plan,파리 (프랑스),couple-3d-ko,/destinations/%ED%94%84%EB%9E%91%EC%8A%A4/%ED%8C%8C%EB%A6%AC/paris-couple-3days,7d7682e6-54bf-41e5-8202-705257e34e5a,paris-couple-3days,ko,true,1303,100,2026-05-13T04:51:25.454397+00:00,
travel_plan,세부 (필리핀),solo-2d-ko,/destinations/%ED%95%84%EB%A6%AC%ED%95%80/%EC%84%B8%EB%B6%80/cebu-solo-2days,c80d176e-a80f-4306-b3d7-a980491f3c91,cebu-solo-2days,ko,true,889,53,2026-05-22T05:36:28.490871+00:00,
travel_plan,Barcelona (Spain),friends-3d-en,/en/destinations/Spain/Barcelona/barcelona-friends-3days-en,2f52cddd-d70b-45fb-9160-259de959205c,barcelona-friends-3days-en,en,true,9592,36,2026-05-22T03:21:05.636931+00:00,
travel_plan,발리 (인도네시아),family-4d-ko,/destinations/%EC%9D%B8%EB%8F%84%EB%84%A4%EC%8B%9C%EC%95%84/%EB%B0%9C%EB%A6%AC/bali-family-4days,483b5971-1b14-4c77-9ed9-9e8f9ee7262f,bali-family-4days,ko,true,2047,120,2026-05-13T05:07:40.804082+00:00,
travel_plan,멜버른 (호주),friends-4d-ko,/destinations/%ED%98%B8%EC%A3%BC/%EB%A9%9C%EB%B2%84%EB%A5%B8/melbourne-friends-4days,8b1f49bb-4fad-4eb2-863c-7a47c942b048,melbourne-friends-4days,ko,true,1232,72,2026-05-27T09:13:48.783796+00:00,
travel_plan,Bangkok (Thailand),solo-3d-en,/en/destinations/Thailand/Bangkok/bangkok-solo-3days-en,0b18f63d-e1c8-47fd-b66d-ed4781ad2615,bangkok-solo-3days-en,en,true,7769,34,2026-05-22T03:16:18.355611+00:00,
travel_plan,New York (USA),friends-4d-en,/en/destinations/USA/New%20York/new-york-friends-4days-en,b6db7312-a847-4204-85b8-5d0684106b28,new-york-friends-4days-en,en,true,12574,48,2026-05-22T03:24:38.749425+00:00,
travel_plan,Jeju (South Korea),couple-3d-en,/en/destinations/South%20Korea/Jeju/jeju-couple-3days-en,60bb58b4-1772-47e2-9f32-612ddc489ade,jeju-couple-3days-en,en,true,7503,39,2026-05-26T05:40:10.091263+00:00,
travel_plan,방콕 (태국),friends-3d-ko,/destinations/%ED%83%9C%EA%B5%AD/%EB%B0%A9%EC%BD%95/bangkok-friends-3days,fa4be370-5f56-4373-8d95-f93a0aabe454,bangkok-friends-3days,ko,true,1039,62,2026-05-13T05:00:46.286861+00:00,
travel_plan,Jeju (South Korea),family-4d-en,/en/destinations/South%20Korea/Jeju/jeju-family-4days-en,c82c8957-f4f2-40dd-a885-edbea78aab67,jeju-family-4days-en,en,true,9827,72,2026-05-26T05:42:23.49793+00:00,
travel_plan,치앙마이 (태국),family-4d-ko,/destinations/%ED%83%9C%EA%B5%AD/%EC%B9%98%EC%95%99%EB%A7%88%EC%9D%B4/chiang-mai-family-4days,7877391a-4355-4391-82a0-b4e94eb1db2b,chiang-mai-family-4days,ko,true,1748,56,2026-05-13T05:03:40.204624+00:00,
travel_plan,Bali (Indonesia),friends-5d-en,/en/destinations/Indonesia/Bali/bali-friends-5days-en,142ea095-5646-43c9-9ddb-ff00cb998acc,bali-friends-5days-en,en,true,5031,37,2026-05-22T03:31:05.492541+00:00,
travel_plan,세부 (필리핀),friends-3d-ko,/destinations/%ED%95%84%EB%A6%AC%ED%95%80/%EC%84%B8%EB%B6%80/cebu-friends-3days,a133322f-9a6e-45f5-bc6d-eb42703abd85,cebu-friends-3days,ko,true,1344,66,2026-05-22T07:11:39.909975+00:00,
travel_plan,마닐라 (필리핀),solo-2d-ko,/destinations/%ED%95%84%EB%A6%AC%ED%95%80/%EB%A7%88%EB%8B%90%EB%9D%BC/manila-solo-2days,3c2cd336-b757-473e-aec2-c5df3013ab46,manila-solo-2days,ko,true,889,39,2026-05-22T05:19:58.931248+00:00,
travel_plan,파리 (프랑스),family-4d-ko,/destinations/%ED%94%84%EB%9E%91%EC%8A%A4/%ED%8C%8C%EB%A6%AC/paris-family-4days,49b6f46b-e83b-4908-9d78-0b03e04732e6,paris-family-4days,ko,true,1475,167,2026-05-13T04:52:29.89616+00:00,
travel_plan,Gyeongju (South Korea),friends-2d-en,/en/destinations/South%20Korea/Gyeongju/gyeongju-history-2days-en,f6004413-e252-4fa7-98f4-4cb43ea5e9eb,gyeongju-history-2days-en,en,true,6050,39,2026-05-26T05:43:44.892066+00:00,
travel_plan,Jeonju (South Korea),friends-2d-en,/en/destinations/South%20Korea/Jeonju/jeonju-food-2days-en,70b1e60f-f3fa-4079-8890-da91511cfb3e,jeonju-food-2days-en,en,true,7059,34,2026-05-26T05:45:19.371736+00:00,
travel_plan,세부 (필리핀),couple-3d-ko,/destinations/%ED%95%84%EB%A6%AC%ED%95%80/%EC%84%B8%EB%B6%80/cebu-couple-3days,8d770ca1-642c-4a6f-b5f8-cc65768af2f2,cebu-couple-3days,ko,true,1178,72,2026-05-22T07:10:32.459977+00:00,
travel_plan,타이베이 (대만),friends-3d-ko,/destinations/%EB%8C%80%EB%A7%8C/%ED%83%80%EC%9D%B4%EB%B2%A0%EC%9D%B4/taipei-friends-3days,f8b8ac4b-3b5c-4665-bf1a-95e2a32f469c,taipei-friends-3days,ko,true,1016,95,2026-05-22T05:09:59.771955+00:00,
travel_plan,하노이 (베트남),friends-3d-ko,/destinations/%EB%B2%A0%ED%8A%B8%EB%82%A8/%ED%95%98%EB%85%B8%EC%9D%B4/hanoi-friends-3days,d0486783-7470-4133-9d42-829a0d4d1902,hanoi-friends-3days,ko,true,1185,48,2026-05-22T04:57:07.948103+00:00,
travel_plan,Seoul (South Korea),friends-4d-en,/en/destinations/South%20Korea/Seoul/seoul-friends-4days-en,1f0eb818-c2af-4499-b79b-9e7f4d98eda3,seoul-friends-4days-en,en,true,10114,58,2026-05-26T06:16:14.176134+00:00,
travel_plan,도쿄 (일본),couple-3d-ko,/destinations/%EC%9D%BC%EB%B3%B8/%EB%8F%84%EC%BF%84/tokyo-couple-3days,011f4a81-a235-45b2-a4e8-8699ba826139,tokyo-couple-3days,ko,true,1089,259,2026-05-13T04:39:10.413792+00:00,
travel_plan,삿포로 (일본),couple-3d-ko,/destinations/%EC%9D%BC%EB%B3%B8/%EC%82%BF%ED%8F%AC%EB%A1%9C/sapporo-couple-3days,930e8830-748c-44e2-a249-0d01760eafef,sapporo-couple-3days,ko,true,1377,41,2026-05-22T05:24:52.210348+00:00,
travel_plan,하노이 (베트남),solo-2d-ko,/destinations/%EB%B2%A0%ED%8A%B8%EB%82%A8/%ED%95%98%EB%85%B8%EC%9D%B4/hanoi-solo-2days,e5af35cf-414f-46b2-80b4-be41a47c70a8,hanoi-solo-2days,ko,true,843,38,2026-05-22T05:34:27.995931+00:00,
travel_plan,오사카 (일본),friends-3d-ko,/destinations/%EC%9D%BC%EB%B3%B8/%EC%98%A4%EC%82%AC%EC%B9%B4/osaka-friends-3days,df9ced35-1809-48e3-a539-319f974a0421,osaka-friends-3days,ko,true,1108,55,2026-05-13T04:44:53.380041+00:00,
travel_plan,오키나와 (일본),couple-3d-ko,/destinations/%EC%9D%BC%EB%B3%B8/%EC%98%A4%ED%82%A4%EB%82%98%EC%99%80/okinawa-couple-3days,1c9a964a-ec96-43a6-a4f6-6de2b72e2c98,okinawa-couple-3days,ko,true,1056,103,2026-05-22T05:11:56.329285+00:00,
travel_plan,방콕 (태국),family-4d-ko,/destinations/%ED%83%9C%EA%B5%AD/%EB%B0%A9%EC%BD%95/bangkok-family-4days,8541add3-9ab6-42fb-8963-6e0defcd0e35,bangkok-family-4days,ko,true,1795,58,2026-05-13T05:00:04.07725+00:00,
travel_plan,교토 (일본),couple-3d-ko,/destinations/%EC%9D%BC%EB%B3%B8/%EA%B5%90%ED%86%A0/kyoto-couple-3days,e0a9f9f0-dbef-4664-8efa-36e5ea6c5fca,kyoto-couple-3days,ko,true,1203,62,2026-05-13T04:47:06.861181+00:00,
travel_plan,런던 (영국),friends-3d-ko,/destinations/%EC%98%81%EA%B5%AD/%EB%9F%B0%EB%8D%98/london-friends-3days,0df89158-9db2-44f3-aa3b-39dcecf359f6,london-friends-3days,ko,true,1389,52,2026-05-13T05:15:43.665351+00:00,
travel_plan,호치민 (베트남),solo-2d-ko,/destinations/%EB%B2%A0%ED%8A%B8%EB%82%A8/%ED%98%B8%EC%B9%98%EB%AF%BC/ho-chi-minh-solo-2days,b89d7d2c-2825-4e7d-88b0-20782effbe78,ho-chi-minh-solo-2days,ko,true,996,31,2026-05-22T04:59:34.871415+00:00,
travel_plan,호치민 (베트남),friends-3d-ko,/destinations/%EB%B2%A0%ED%8A%B8%EB%82%A8/%ED%98%B8%EC%B9%98%EB%AF%BC/ho-chi-minh-friends-3days,9666bef2-5b26-4d83-b6bb-c2d1d3a828d1,ho-chi-minh-friends-3days,ko,true,906,44,2026-05-22T04:58:32.108837+00:00,
travel_plan,오키나와 (일본),solo-2d-ko,/destinations/%EC%9D%BC%EB%B3%B8/%EC%98%A4%ED%82%A4%EB%82%98%EC%99%80/okinawa-solo-2days,5cdc1b3b-2bf9-4968-a9e4-49f4846326c1,okinawa-solo-2days,ko,true,688,33,2026-05-22T05:13:03.483429+00:00,
travel_plan,다낭 (베트남),solo-2d-ko,/destinations/%EB%B2%A0%ED%8A%B8%EB%82%A8/%EB%8B%A4%EB%82%AD/da-nang-solo-2days,4a0e13c2-d9cd-4c8e-8f6a-219264f3d044,da-nang-solo-2days,ko,true,727,75,2026-05-22T07:07:37.760473+00:00,
travel_plan,방콕 (태국),couple-3d-ko,/destinations/%ED%83%9C%EA%B5%AD/%EB%B0%A9%EC%BD%95/bangkok-couple-3days,bf13cb7d-385e-42b5-b105-6436c4ebcd34,bangkok-couple-3days,ko,true,1595,99,2026-05-13T04:58:53.754054+00:00,
travel_plan,나고야 (일본),couple-3d-ko,/destinations/%EC%9D%BC%EB%B3%B8/%EB%82%98%EA%B3%A0%EC%95%BC/nagoya-couple-3days,a1706cf0-5b11-4e0e-a1da-6d4229c07d74,nagoya-couple-3days,ko,true,1115,51,2026-05-22T05:43:43.244937+00:00,
travel_plan,싱가포르 (싱가포르),family-4d-ko,/destinations/%EC%8B%B1%EA%B0%80%ED%8F%AC%EB%A5%B4/%EC%8B%B1%EA%B0%80%ED%8F%AC%EB%A5%B4/singapore-family-4days,0d67efb7-3f79-410a-925c-a34b0af433b6,singapore-family-4days,ko,true,2103,50,2026-05-13T05:11:10.631661+00:00,
travel_plan,런던 (영국),solo-3d-ko,/destinations/%EC%98%81%EA%B5%AD/%EB%9F%B0%EB%8D%98/london-solo-3days,a71feb46-b06f-4e4f-9d20-ba34df21f5ae,london-solo-3days,ko,true,1605,83,2026-05-13T05:16:55.214524+00:00,
travel_plan,시드니 (호주),couple-4d-ko,/destinations/%ED%98%B8%EC%A3%BC/%EC%8B%9C%EB%93%9C%EB%8B%88/sydney-couple-4days,60688cba-dbfb-4dea-96aa-f57684a15afc,sydney-couple-4days,ko,true,1673,49,2026-05-27T09:09:30.796971+00:00,
travel_plan,사이판 (사이판),solo-2d-ko,/destinations/%EC%82%AC%EC%9D%B4%ED%8C%90/%EC%82%AC%EC%9D%B4%ED%8C%90/saipan-solo-2days,b54f1dfd-26b0-465b-afa7-badfe7131d1b,saipan-solo-2days,ko,true,881,91,2026-05-22T07:14:26.606786+00:00,
travel_plan,바르셀로나 (스페인),friends-3d-ko,/destinations/%EC%8A%A4%ED%8E%98%EC%9D%B8/%EB%B0%94%EB%A5%B4%EC%85%80%EB%A1%9C%EB%82%98/barcelona-friends-3days,94db3d38-f765-4a29-944a-e3fdbbb6ce46,barcelona-friends-3days,ko,true,1582,61,2026-05-13T04:56:57.540232+00:00,
travel_plan,발리 (인도네시아),solo-3d-ko,/destinations/%EC%9D%B8%EB%8F%84%EB%84%A4%EC%8B%9C%EC%95%84/%EB%B0%9C%EB%A6%AC/bali-solo-3days,e4f9d0e8-e099-46c2-9359-20c9136b57fb,bali-solo-3days,ko,true,1595,128,2026-05-13T05:09:22.795943+00:00,
travel_plan,치앙마이 (태국),couple-3d-ko,/destinations/%ED%83%9C%EA%B5%AD/%EC%B9%98%EC%95%99%EB%A7%88%EC%9D%B4/chiang-mai-couple-3days,310fc15c-d3e8-4d26-ab0f-4c2528fb2242,chiang-mai-couple-3days,ko,true,1397,77,2026-05-13T05:02:39.111979+00:00,
travel_plan,바르셀로나 (스페인),family-4d-ko,/destinations/%EC%8A%A4%ED%8E%98%EC%9D%B8/%EB%B0%94%EB%A5%B4%EC%85%80%EB%A1%9C%EB%82%98/barcelona-family-4days,4133be18-53bf-44ea-b862-05443c895071,barcelona-family-4days,ko,true,2109,44,2026-05-13T04:56:02.811529+00:00,
travel_plan,오사카 (일본),couple-3d-ko,/destinations/%EC%9D%BC%EB%B3%B8/%EC%98%A4%EC%82%AC%EC%B9%B4/osaka-couple-3days,9e99d6dd-cbe8-4fc0-b494-21ad7b3c1c9e,osaka-couple-3days,ko,true,1477,215,2026-05-13T04:43:04.216025+00:00,
travel_plan,나트랑 (베트남),couple-3d-ko,/destinations/%EB%B2%A0%ED%8A%B8%EB%82%A8/%EB%82%98%ED%8A%B8%EB%9E%91/nha-trang-couple-3days,91bb81b2-b058-4dd1-b695-b00c1f71c1d7,nha-trang-couple-3days,ko,true,1130,35,2026-05-22T04:53:35.82493+00:00,
travel_plan,마닐라 (필리핀),couple-3d-ko,/destinations/%ED%95%84%EB%A6%AC%ED%95%80/%EB%A7%88%EB%8B%90%EB%9D%BC/manila-couple-3days,dc0312ba-296a-4d56-8af7-c3f6fe5575f9,manila-couple-3days,ko,true,1266,61,2026-05-22T05:03:08.89177+00:00,
travel_plan,발리 (인도네시아),friends-3d-ko,/destinations/%EC%9D%B8%EB%8F%84%EB%84%A4%EC%8B%9C%EC%95%84/%EB%B0%9C%EB%A6%AC/bali-friends-3days,502fdeac-88bb-414f-b794-a731c5cfecfc,bali-friends-3days,ko,true,1676,72,2026-05-13T05:08:34.780239+00:00,
travel_plan,싱가포르 (싱가포르),friends-3d-ko,/destinations/%EC%8B%B1%EA%B0%80%ED%8F%AC%EB%A5%B4/%EC%8B%B1%EA%B0%80%ED%8F%AC%EB%A5%B4/singapore-friends-3days,f2ac6b70-419a-4e64-b4b8-2f8be1883eee,singapore-friends-3days,ko,true,1520,42,2026-05-13T05:11:56.679754+00:00,
travel_plan,나고야 (일본),solo-2d-ko,/destinations/%EC%9D%BC%EB%B3%B8/%EB%82%98%EA%B3%A0%EC%95%BC/nagoya-solo-2days,fc8f0f26-08e5-4adf-bbdf-16c6bc4adabb,nagoya-solo-2days,ko,true,766,85,2026-05-22T05:45:36.198749+00:00,
travel_plan,다낭 (베트남),friends-3d-ko,/destinations/%EB%B2%A0%ED%8A%B8%EB%82%A8/%EB%8B%A4%EB%82%AD/da-nang-friends-3days,60f12270-13ca-432b-be19-0b059b803ce2,da-nang-friends-3days,ko,true,1114,69,2026-05-22T07:06:51.58948+00:00,
travel_plan,도쿄 (일본),family-4d-ko,/destinations/%EC%9D%BC%EB%B3%B8/%EB%8F%84%EC%BF%84/tokyo-family-4days,9cc4c16a-670f-4e74-a467-5be80eee2f91,tokyo-family-4days,ko,true,1802,64,2026-05-13T04:40:13.806092+00:00,
travel_plan,Tokyo (Japan),solo-3d-en,/en/destinations/Japan/Tokyo/tokyo-solo-3days-en,bf658c46-ffa2-4114-b42d-1185936c388a,tokyo-solo-3days-en,en,true,7337,46,2026-05-22T03:10:53.777782+00:00,
article,Bangkok (Thailand) / 맛집,Bangkok Street Food Guide: Best Eats for Travelers,/en/article/bangkok-street-food-guide-en,51c5acec-a4d5-46e9-aa45-9cb431d9e588,bangkok-street-food-guide-en,en,true,13803,,2026-05-30T09:38:02.142536+00:00,2026-05-30T09:38:02.142536+00:00
article,발리 (인도네시아) / 문화,"신들의 섬 발리, 당신이 몰랐던 천국의 7가지 얼굴",/article/bali-indonesia-travel-guide-hidden-gems,b097cfbf-88f8-44b6-8e69-56d8882207c1,bali-indonesia-travel-guide-hidden-gems,ko,true,3105,,2026-05-12T09:21:32.054471+00:00,2026-05-12T09:21:32.054471+00:00
article,Kyoto (Japan) / 문화,"Kyoto Travel Guide: Best Temples, Culture & Things to Do for First-Time Visitors",/en/article/kyoto-travel-guide-en,a724299c-4ffc-45fa-9cd2-7eb05726a969,kyoto-travel-guide-en,en,true,15359,,2026-05-26T06:57:04.183275+00:00,2026-05-26T06:57:04.183275+00:00
article,파리 (프랑스) / 관광,파리 에펠탑 완벽 가이드: 입장권부터 야경 명소까지,/article/paris-eiffel-tower-guide-ko,9b9a0a5c-890c-423d-a839-3b30b66c3ccf,paris-eiffel-tower-guide-ko,ko,true,3407,,2026-06-06T09:34:37.308505+00:00,2026-06-06T09:34:37.308505+00:00
article,후쿠오카 (일본) / 맛집,후쿠오카 맛집 완벽 가이드: 현지인도 즐겨 찾는 필수 식당 총정리,/article/fukuoka-best-restaurants-ko,f032771a-c113-46eb-978d-731428a06de3,fukuoka-best-restaurants-ko,ko,true,3420,,2026-05-29T12:38:05.471024+00:00,2026-05-29T12:38:05.471024+00:00
article,오사카 (일본) / 관광,오사카 USJ 유니버셜 스튜디오 재팬 완벽 가이드,/article/osaka-usj-guide-ko,8e5179b1-6e6a-42b8-99a0-ea30e93e65be,osaka-usj-guide-ko,ko,true,3080,,2026-05-28T13:02:25.635322+00:00,2026-05-28T13:02:25.635322+00:00
article,삿포로 (일본) / 관광,삿포로 여행 완벽 가이드 2024 - 한국인 여행자가 꼭 알아야 할 모든 것,/article/sapporo-travel-guide-for-korean-travelers-2024,28c1131a-fa99-4588-a932-b0675d6a9f45,sapporo-travel-guide-for-korean-travelers-2024,ko,true,4937,,2026-05-22T04:46:05.495272+00:00,2026-05-22T04:46:05.495272+00:00
article,파리 (프랑스) / 문화,"파리, 낭만을 넘어 진짜 파리지앵의 일상 속으로",/article/paris-travel-guide-hidden-gems-local-life,acd0ddd2-ee6a-46e1-93c0-274aa0ce91be,paris-travel-guide-hidden-gems-local-life,ko,true,3234,,2026-05-12T08:54:12.342577+00:00,2026-05-12T08:54:12.342577+00:00
article,Bangkok (Thailand) / 쇼핑,Best Shopping in Bangkok: The Ultimate Guide for Travelers,/en/article/bangkok-shopping-guide-en,fd81970a-cf25-4b10-a96b-052ab5ba8333,bangkok-shopping-guide-en,en,true,16543,,2026-05-30T09:39:46.898922+00:00,2026-05-30T09:39:46.898922+00:00
article,치앙마이 (태국) / 문화,치앙마이 사원 완벽 가이드: 꼭 방문해야 할 핵심 명소 총정리,/article/chiang-mai-temples-guide-ko,19144c7d-c3ad-451b-9204-ac4ce52e291c,chiang-mai-temples-guide-ko,ko,true,3122,,2026-06-02T17:56:41.494583+00:00,2026-06-02T17:56:41.494583+00:00
article,Rome (Italy) / 맛집,Rome Food Travel Guide: Eating Your Way Through the Eternal City,/en/article/rome-food-guide-en,4f8c0a5d-bac2-42d5-a119-5c487e2a7a9d,rome-food-guide-en,en,true,14299,,2026-06-04T12:41:21.029476+00:00,2026-06-04T12:41:21.029476+00:00
article,파리 (프랑스) / 문화,파리 루브르 박물관 완벽 가이드: 관람 전 꼭 알아야 할 모든 것,/article/paris-louvre-guide-ko,f4905fc7-cabc-4815-86b9-d898f76cc6cb,paris-louvre-guide-ko,ko,true,3199,,2026-06-06T09:36:20.776946+00:00,2026-06-06T09:36:20.776946+00:00
article,제주 (한국) / 자연,제주 한라산 등산 완벽 가이드 | 코스별 난이도와 준비물 총정리,/article/jeju-hiking-guide-ko,35ae8201-1ce6-4747-b859-82c0b5c8af8e,jeju-hiking-guide-ko,ko,true,2803,,2026-06-08T14:56:28.122621+00:00,2026-06-08T14:56:28.122621+00:00
article,바르셀로나 (스페인) / 문화,바르셀로나 완벽 여행 가이드: 가우디의 도시에서 꼭 해야 할 모든 것,/article/barcelona-complete-travel-guide,532dd243-2b45-439e-924b-3b5ecd98e7ea,barcelona-complete-travel-guide,ko,true,3026,,2026-05-12T08:57:17.33874+00:00,2026-05-12T08:57:17.33874+00:00
article,다낭 (베트남) / 자연,다낭 해변 추천 완벽 가이드 | 꼭 가봐야 할 해변 총정리,/article/da-nang-beach-guide-ko,72c1d834-3604-4f80-bd3c-ff7c1541c32e,da-nang-beach-guide-ko,ko,true,2916,,2026-05-31T10:03:35.246779+00:00,2026-05-31T10:03:35.246779+00:00
article,치앙마이 (태국) / 자연,치앙마이 코끼리 투어 완벽 가이드 – 윤리적 성지 추천,/article/chiang-mai-elephant-experience-ko,590348ff-ab6b-47c7-ae9d-c1f3a8e5fb3c,chiang-mai-elephant-experience-ko,ko,true,2792,,2026-06-02T17:57:47.125555+00:00,2026-06-02T17:57:47.125555+00:00
article,London (UK) / 관광,"London Budget Travel Tips: See More, Spend Less",/en/article/london-budget-travel-en,22527958-f862-4c2c-9848-c7a5090a4139,london-budget-travel-en,en,true,13538,,2026-06-04T12:43:00.37477+00:00,2026-06-04T12:43:00.37477+00:00
article,파리 (프랑스) / 맛집,파리 맛집 카페 완벽 가이드 | 현지인도 찾는 숨겨진 명소,/article/paris-cafe-restaurant-guide-ko,f4872e3d-aa57-469e-a376-e7ce056cbc1f,paris-cafe-restaurant-guide-ko,ko,true,3468,,2026-06-06T09:37:58.263377+00:00,2026-06-06T09:37:58.263377+00:00
article,삿포로 (일본) / 문화,삿포로 눈축제 완벽 가이드 – 일정·볼거리·여행 팁 총정리,/article/sapporo-snow-festival-ko,2f615974-c44f-4172-bcd9-3e42696e387c,sapporo-snow-festival-ko,ko,true,3412,,2026-05-30T09:30:10.785802+00:00,2026-05-30T09:30:10.785802+00:00
article,런던 (영국) / 문화,런던의 모든 것: 왕실의 도시에서 펼쳐지는 완벽한 여행 가이드,/article/london-uk-complete-travel-guide,91de3ce2-c26a-4b4c-864a-0d702978a539,london-uk-complete-travel-guide,ko,true,3174,,2026-05-12T09:15:40.418773+00:00,2026-05-12T09:15:40.418773+00:00
article,Shanghai (China) / 관광,Shanghai Travel Guide: Best Things to Do for First-Time Visitors,/en/article/shanghai-travel-guide-en,1459aecb-d04f-4de5-8fb6-9cf290e9a15a,shanghai-travel-guide-en,en,true,14133,,2026-05-26T07:28:38.02736+00:00,2026-05-26T07:28:38.02736+00:00
article,뉴욕 (미국) / 관광,뉴욕 완전 정복: 세계의 수도에서 놓칠 수 없는 모든 것,/article/new-york-city-complete-travel-guide,d97b543f-82ee-4054-81fe-3a28ae50d2f2,new-york-city-complete-travel-guide,ko,true,3843,,2026-05-21T09:37:47.160114+00:00,2026-05-21T09:37:47.160114+00:00
article,리스본 (포르투갈) / 문화,"리스본, 일곱 언덕 위에 펼쳐진 황금빛 도시 – 완벽한 여행 가이드",/article/lisbon-portugal-travel-guide,f0e46523-c452-4fcd-980c-fbfb1ebdb9dc,lisbon-portugal-travel-guide,ko,true,2948,,2026-05-12T09:26:39.062671+00:00,2026-05-12T09:26:39.062671+00:00
article,다낭 (베트남) / 맛집,다낭 맛집 완벽 가이드: 현지인도 즐겨 찾는 베트남 음식 총정리,/article/da-nang-best-restaurants-ko,f549baf8-f40d-4f3e-a8b9-745104df2285,da-nang-best-restaurants-ko,ko,true,2804,,2026-05-31T10:04:40.477323+00:00,2026-05-31T10:04:40.477323+00:00
article,Dubai (UAE) / 관광,"Dubai Luxury Travel Guide: Best Things to Do, See, and Experience",/en/article/dubai-travel-guide-en,2be7a3d2-c521-43d2-8e99-785e053740aa,dubai-travel-guide-en,en,true,15191,,2026-05-26T07:30:09.843052+00:00,2026-05-26T07:30:09.843052+00:00
article,Beijing (China) / 문화,Beijing Travel Guide: Best Things to Do for First-Time Visitors,/en/article/beijing-travel-guide-en,45e54151-e173-47b2-be43-2f0a4bbd5c77,beijing-travel-guide-en,en,true,13860,,2026-05-26T07:27:17.290634+00:00,2026-05-26T07:27:17.290634+00:00
article,Nagoya (Japan) / 관광,Nagoya Travel Guide: Best Things to Do for First-Time Visitors,/en/article/nagoya-travel-guide-en,87fa1fcb-75bd-49c4-a3f7-8ab9db1380dc,nagoya-travel-guide-en,en,true,15055,,2026-05-26T07:01:33.093543+00:00,2026-05-26T07:01:33.093543+00:00
article,세부 (필리핀) / 관광,세부 여행 완벽 가이드: 필리핀 대표 휴양지 핵심 정보,/article/cebu-complete-guide-ko,480a75ad-c26e-44f2-a0a6-901895b79427,cebu-complete-guide-ko,ko,true,2960,,2026-06-02T17:58:53.319062+00:00,2026-06-02T17:58:53.319062+00:00
article,괌 (괌) / 관광,괌 여행 완벽 가이드 2024 - 한국인이 꼭 알아야 할 핵심 정보,/article/guam-travel-guide-for-korean-travelers-2024,80e3e659-d04b-46a4-aafe-c90051271024,guam-travel-guide-for-korean-travelers-2024,ko,true,3490,,2026-05-22T04:39:00.900286+00:00,2026-05-22T04:39:00.900286+00:00
article,다낭 (베트남) / 문화,다낭 호이안 당일치기 완벽 가이드 – 교통·일정·맛집 총정리,/article/da-nang-hoi-an-day-trip-ko,af29ba8e-f0e6-4618-9f2d-e73e8adef609,da-nang-hoi-an-day-trip-ko,ko,true,2870,,2026-05-31T10:05:50.698481+00:00,2026-05-31T10:05:50.698481+00:00
article,Seoul (South Korea) / 쇼핑,Best Shopping in Seoul: The Ultimate District Guide,/en/article/seoul-shopping-guide-en,55706120-7b2b-49d0-bd0f-83d178e82b09,seoul-shopping-guide-en,en,true,13743,,2026-06-02T18:00:50.794254+00:00,2026-06-02T18:00:50.794254+00:00
article,London (UK) / 맛집,London Food Travel Guide: Best Eats & Markets,/en/article/london-food-guide-en,8b90a2c6-b6fb-4c02-ba9e-1ada5952ffff,london-food-guide-en,en,true,14066,,2026-06-04T12:44:47.861745+00:00,2026-06-04T12:44:47.861745+00:00
article,바르셀로나 (스페인) / 문화,바르셀로나 사그라다 파밀리아 완벽 가이드 | 입장권·관람 팁 총정리,/article/barcelona-sagrada-familia-guide-ko,19d12028-ea96-4995-8e9f-fc77f38665b0,barcelona-sagrada-familia-guide-ko,ko,true,2776,,2026-06-06T09:39:23.870621+00:00,2026-06-06T09:39:23.870621+00:00
article,도쿄 (일본) / 관광,도쿄 완전 정복: 처음 가도 현지인처럼 즐기는 7가지 방법,/article/tokyo-travel-guide-like-a-local,fd696253-7a7e-4a1c-8f75-34cd08e9fa95,tokyo-travel-guide-like-a-local,ko,true,2693,,2026-05-12T08:53:07.531579+00:00,2026-05-12T08:53:07.531579+00:00
article,도쿄 (일본) / 쇼핑,도쿄 쇼핑 추천: 하라주쿠부터 아키하바라까지 완벽 가이드,/article/tokyo-shopping-guide-ko,26314488-d061-4e5c-a76d-95f69ad20035,tokyo-shopping-guide-ko,ko,true,3474,,2026-05-28T12:57:51.772041+00:00,2026-05-28T12:57:51.772041+00:00
article,Fukuoka (Japan) / 관광,Fukuoka Travel Guide: Best Things to Do for First-Time Visitors,/en/article/fukuoka-travel-guide-en,be74e269-ae88-4466-887b-409e336b59ca,fukuoka-travel-guide-en,en,true,12733,,2026-05-26T06:58:26.320474+00:00,2026-05-26T06:58:26.320474+00:00
article,부다페스트 (헝가리) / 문화,"다뉴브강의 보석, 부다페스트 완벽 여행 가이드",/article/budapest-hungary-travel-guide,96d5cfad-e89e-44c7-af37-052167c19abb,budapest-hungary-travel-guide,ko,true,3215,,2026-05-21T08:47:58.309895+00:00,2026-05-21T08:47:58.309895+00:00
article,다낭 (베트남) / 관광,다낭 골프 완벽 가이드: 베트남 최고의 골프 여행지,/article/da-nang-golf-guide-ko,aab05bae-9a4b-46d8-b0ee-669bfa6cfa79,da-nang-golf-guide-ko,ko,true,2457,,2026-05-31T10:06:50.246172+00:00,2026-05-31T10:06:50.246172+00:00
article,뭄바이 (인도) / 문화,뭄바이 완전 정복: 인도 최대 도시에서 놓치면 안 될 모든 것,/article/mumbai-india-travel-guide,5aea5f6e-2220-4848-b7e4-fc3282284535,mumbai-india-travel-guide,ko,true,3282,,2026-05-21T08:55:05.073241+00:00,2026-05-21T08:55:05.073241+00:00
article,Istanbul (Turkey) / 관광,Istanbul Travel Guide: Best Things to Do for First-Time Visitors,/en/article/istanbul-travel-guide-en,8c0320e5-69d2-4c21-bc21-8b7c055d42b3,istanbul-travel-guide-en,en,true,14289,,2026-05-26T07:31:36.76534+00:00,2026-05-26T07:31:36.76534+00:00
article,Seoul (South Korea) / 문화,The Ultimate Seoul Nightlife Guide for International Travelers,/en/article/seoul-nightlife-guide-en,c74215a8-0c74-402d-8be1-e6f02c0ffdba,seoul-nightlife-guide-en,en,true,13363,,2026-06-02T18:02:14.165637+00:00,2026-06-02T18:02:14.165637+00:00
article,하노이 (베트남) / 문화,하노이 여행 완벽 가이드: 볼거리·맛집·이동 수단까지 총정리,/article/hanoi-complete-guide-ko,f6564dd3-48e3-4aef-a5db-49303ef03926,hanoi-complete-guide-ko,ko,true,3064,,2026-05-31T10:08:02.128422+00:00,2026-05-31T10:08:02.128422+00:00
article,Seoul (South Korea) / 관광,"Seoul Budget Travel Tips: See More, Spend Less",/en/article/seoul-budget-travel-en,b233b462-d34b-4b2b-8d3d-96c1b58ac06c,seoul-budget-travel-en,en,true,14799,,2026-06-02T18:03:47.301337+00:00,2026-06-02T18:03:47.301337+00:00
article,방콕 (태국) / 관광,"방콕 완전 정복: 황금 사원부터 야시장까지, 태국 수도의 모든 것",/article/bangkok-thailand-complete-travel-guide,4f9224d6-2e27-4d38-aa87-cbc81cf807fc,bangkok-thailand-complete-travel-guide,ko,true,3595,,2026-05-21T09:32:29.621551+00:00,2026-05-21T09:32:29.621551+00:00
article,싱가포르 (싱가포르) / 관광,싱가포르 USS 유니버셜 스튜디오 완벽 가이드 2024,/article/singapore-uss-guide-ko,cf451bf0-2837-4d13-bc74-8c1a233439c8,singapore-uss-guide-ko,ko,true,3207,,2026-06-05T12:22:49.044603+00:00,2026-06-05T12:22:49.044603+00:00
article,Madrid (Spain) / 관광,Madrid Travel Guide: Best Things to Do for First-Time Visitors,/en/article/madrid-travel-guide-en,142c9d43-a86d-4e6c-9277-3a8926b10268,madrid-travel-guide-en,en,true,14970,,2026-05-26T07:33:09.689384+00:00,2026-05-26T07:33:09.689384+00:00
article,방콕 (태국) / 문화,방콕 마사지 완벽 가이드: 타이 마사지부터 럭셔리 스파까지,/article/bangkok-massage-spa-ko,193a49df-9bf7-40f3-998a-60da8d93f28c,bangkok-massage-spa-ko,ko,true,3306,,2026-06-02T17:55:27.404764+00:00,2026-06-02T17:55:27.404764+00:00
article,Busan (South Korea) / 관광,Busan Beach Travel Guide: Best Shores & Tips,/en/article/busan-beach-guide-en,b8bf7d48-74e4-4759-b181-b5824a71893b,busan-beach-guide-en,en,true,16770,,2026-06-02T18:05:34.402605+00:00,2026-06-02T18:05:34.402605+00:00
article,Bangkok (Thailand) / 관광,"Bangkok Budget Travel Guide: See More, Spend Less",/en/article/bangkok-budget-travel-en,8dfc7ad8-9d98-40e4-8fe2-48f22aec0cb2,bangkok-budget-travel-en,en,true,14419,,2026-05-31T10:10:07.146108+00:00,2026-05-31T10:10:07.146108+00:00
article,Sapporo (Japan) / 관광,Sapporo Travel Guide: Best Things to Do for First-Time Visitors,/en/article/sapporo-travel-guide-en,4e320b5b-d965-4efa-9cc5-2abc91ea8edd,sapporo-travel-guide-en,en,true,15358,,2026-05-26T07:00:02.365749+00:00,2026-05-26T07:00:02.365749+00:00
article,오사카 (일본) / 맛집,오사카 맛집 완벽 가이드: 현지인도 즐겨 찾는 필수 음식 명소,/article/osaka-best-restaurants-ko,e49ef850-5c31-4c09-9457-59da06be53b1,osaka-best-restaurants-ko,ko,true,2570,,2026-05-28T12:59:59.810275+00:00,2026-05-28T12:59:59.810275+00:00
article,Berlin (Germany) / 문화,Berlin Travel Guide: Best Things to Do for First-Time Visitors,/en/article/berlin-travel-guide-en,d4ed9914-96f8-4088-9402-2d8d2f4034cc,berlin-travel-guide-en,en,true,13904,,2026-05-26T07:34:30.232646+00:00,2026-05-26T07:34:30.232646+00:00
article,Zurich (Switzerland) / 관광,Zurich Travel Guide: Best Things to Do for First-Time Visitors,/en/article/zurich-travel-guide-en,09612a2e-eb62-4040-96ed-0109e4ca2b65,zurich-travel-guide-en,en,true,14506,,2026-05-26T07:55:35.591564+00:00,2026-05-26T07:55:35.591564+00:00
article,Jeju Island (South Korea) / 자연,Jeju Island Nature Travel Guide: Best Outdoor Wonders,/en/article/jeju-island-nature-guide-en,ab32e71f-5f7d-42b1-b579-994baff4bca2,jeju-island-nature-guide-en,en,true,14686,,2026-06-02T18:08:37.632371+00:00,2026-06-02T18:08:37.632371+00:00
article,Barcelona (Spain) / 관광,Barcelona Travel Guide: Best Things to Do for First-Time Visitors,/en/article/barcelona-travel-guide-en,774d5b4e-afa7-410f-b8f8-9f81d80d811e,barcelona-travel-guide-en,en,true,12969,,2026-05-22T02:58:46.080841+00:00,2026-05-22T02:58:46.080841+00:00
article,Singapore (Singapore) / 관광,Singapore 3-Day Itinerary: The Ultimate Travel Guide for First-Time Visitors,/en/article/singapore-travel-guide-en,c7e4c1fd-6bd2-4dea-8075-bc09f7f34a9d,singapore-travel-guide-en,en,true,14269,,2026-05-22T02:56:14.691507+00:00,2026-05-22T02:56:14.691507+00:00
article,New York (USA) / 관광,New York Travel Guide: Best Things to Do for First-Time Visitors,/en/article/new-york-travel-guide-en,32417997-2ab8-42b2-923a-20af1c975078,new-york-travel-guide-en,en,true,13276,,2026-05-22T03:02:48.163578+00:00,2026-05-22T03:02:48.163578+00:00
article,Vienna (Austria) / 문화,Vienna Travel Guide: Best Things to Do for First-Time Visitors,/en/article/vienna-travel-guide-en,7f2467b2-87c2-4df6-82ca-b34497a8705a,vienna-travel-guide-en,en,true,13869,,2026-05-26T07:35:51.131135+00:00,2026-05-26T07:35:51.131135+00:00
article,Sydney (Australia) / 관광,Sydney Travel Guide: Best Things to Do for First-Time Visitors,/en/article/sydney-travel-guide-en,bb37ff48-12d8-4a74-9e79-2d1b9ce1a1ec,sydney-travel-guide-en,en,true,13535,,2026-05-26T07:56:53.528052+00:00,2026-05-26T07:56:53.528052+00:00
article,Da Nang (Vietnam) / 관광,Da Nang Beach Travel Guide: Best Beaches & Tips,/en/article/da-nang-beach-guide-en,f810e73b-ca6f-4cb2-87f3-bdece9e6a43c,da-nang-beach-guide-en,en,true,14665,,2026-05-31T10:13:10.678538+00:00,2026-05-31T10:13:10.678538+00:00
article,뮌헨 (독일) / 문화,"바이에른의 심장, 뮌헨 완전 정복 가이드",/article/munich-germany-travel-guide,50f1bc8a-ddce-43fc-82d4-a09b8f62cb6d,munich-germany-travel-guide,ko,true,2751,,2026-05-21T08:45:46.869125+00:00,2026-05-21T08:45:46.869125+00:00
article,세부 (필리핀) / 자연,세부 다이빙·스노클링 완벽 가이드 – 포인트·비용·준비물 총정리,/article/cebu-diving-snorkeling-ko,5504a210-e7ed-4091-b846-503f1142a764,cebu-diving-snorkeling-ko,ko,true,3279,,2026-06-03T18:14:12.486761+00:00,2026-06-03T18:14:12.486761+00:00
article,브뤼셀 (벨기에) / 문화,"초콜릿과 맥주, 그리고 역사가 공존하는 도시 — 브뤼셀 완벽 여행 가이드",/article/brussels-belgium-travel-guide,73a595af-2251-4c81-b751-7c4342a6fce1,brussels-belgium-travel-guide,ko,true,2675,,2026-05-21T08:46:48.684047+00:00,2026-05-21T08:46:48.684047+00:00
article,델리 (인도) / 문화,"혼돈과 경이 사이, 델리에서 발견하는 인도의 심장",/article/delhi-india-travel-guide,24c277f9-cff4-46c5-a32e-14f55dd07223,delhi-india-travel-guide,ko,true,3475,,2026-05-21T08:56:28.945769+00:00,2026-05-21T08:56:28.945769+00:00
article,Los Angeles (USA) / 관광,Los Angeles Travel Guide: Best Things to Do for First-Time Visitors,/en/article/los-angeles-travel-guide-en,948035f2-64d0-4657-bfa8-69458b013d40,los-angeles-travel-guide-en,en,true,14797,,2026-05-26T07:59:37.187561+00:00,2026-05-26T07:59:37.187561+00:00
article,베이징 (중국) / 문화,베이징 완전 정복: 천년 고도에서 현대 중국을 만나다,/article/beijing-travel-guide-ancient-capital,5624d1e2-67b0-4c3d-b462-6d28bb2c37c2,beijing-travel-guide-ancient-capital,ko,true,3041,,2026-05-21T08:59:00.966015+00:00,2026-05-21T08:59:00.966015+00:00
article,Hanoi (Vietnam) / 문화,Hanoi Travel Guide: Best Things to Do for First-Time Visitors,/en/article/hanoi-travel-guide-en,09513497-1f24-462c-bb76-989dc28eb4d0,hanoi-travel-guide-en,en,true,14386,,2026-05-26T07:10:06.598712+00:00,2026-05-26T07:10:06.598712+00:00
article,Osaka (Japan) / 맛집,Osaka Street Food Guide: Best Eats for Travelers,/en/article/osaka-street-food-guide-en,e74900bc-7fdd-4672-ba35-77a35c3c844e,osaka-street-food-guide-en,en,true,15568,,2026-05-28T13:04:43.5122+00:00,2026-05-28T13:04:43.5122+00:00
article,보라카이 (필리핀) / 자연,보라카이 해변 완벽 가이드: 화이트비치부터 숨겨진 해변까지,/article/boracay-beach-guide-ko,425cd16c-e16e-437a-b35f-628d29efd51c,boracay-beach-guide-ko,ko,true,3181,,2026-06-03T18:15:27.625857+00:00,2026-06-03T18:15:27.625857+00:00
article,Lisbon (Portugal) / 관광,Lisbon Travel Guide: Best Things to Do for First-Time Visitors,/en/article/lisbon-travel-guide-en,e687a0db-199f-434e-83be-a1207cbd64a6,lisbon-travel-guide-en,en,true,15171,,2026-05-26T07:38:52.983911+00:00,2026-05-26T07:38:52.983911+00:00
article,나라 (일본) / 문화,천년 고도 나라 완벽 여행 가이드 — 사슴과 함께하는 일본의 고대 수도,/article/nara-japan-travel-guide,1d010a8b-908e-4365-b07f-538825d5dee7,nara-japan-travel-guide,ko,true,3303,,2026-05-21T09:45:38.777201+00:00,2026-05-21T09:45:38.777201+00:00
article,발리 (인도네시아) / 관광,발리 스미냑 완벽 가이드: 쇼핑·맛집·해변까지 한눈에,/article/bali-seminyak-guide-ko,0e7b0a15-dfee-4434-b225-ff788d661e29,bali-seminyak-guide-ko,ko,true,3554,,2026-06-03T18:18:38.687879+00:00,2026-06-03T18:18:38.687879+00:00
article,Bali (Indonesia) / 관광,Bali Travel Guide: Best Things to Do for First-Time Visitors,/en/article/bali-travel-guide-en,38c925cc-9e1a-4064-9195-52f9bc4687ec,bali-travel-guide-en,en,true,14351,,2026-05-22T02:53:19.860232+00:00,2026-05-22T02:53:19.860232+00:00
article,Ho Chi Minh City (Vietnam) / 관광,Ho Chi Minh City Travel Tips for International Visitors,/en/article/ho-chi-minh-city-travel-tips-en,97fee228-7477-42eb-94ca-2456e2589878,ho-chi-minh-city-travel-tips-en,en,true,16188,,2026-05-31T10:16:30.024169+00:00,2026-05-31T10:16:30.024169+00:00
article,Osaka (Japan) / 관광,Osaka Universal Studios Japan Guide: Plan Your Perfect Visit,/en/article/osaka-usj-guide-en,cff541e1-7265-49fc-af49-4b0f956aec24,osaka-usj-guide-en,en,true,14328,,2026-05-28T13:06:09.639624+00:00,2026-05-28T13:06:09.639624+00:00
article,보라카이 (필리핀) / 관광,보라카이 리조트 완벽 가이드: 최고의 숙소 선택 요령,/article/boracay-resort-guide-ko,32e8ac7c-6f85-4c0a-9134-8f028fe33376,boracay-resort-guide-ko,ko,true,2918,,2026-06-03T18:16:30.432094+00:00,2026-06-03T18:16:30.432094+00:00
article,하노이 (베트남) / 문화,하노이 완전 정복: 천년 고도가 품은 매력을 따라 걷다,/article/hanoi-vietnam-travel-guide,e5fc4e92-c69e-45eb-812d-7ffbd6c97b86,hanoi-vietnam-travel-guide,ko,true,3602,,2026-05-21T09:35:06.734325+00:00,2026-05-21T09:35:06.734325+00:00
article,London (UK) / 관광,London Travel Guide: Best Things to Do for First-Time Visitors,/en/article/london-travel-guide-en,51cf3393-5b28-4432-9670-652c29b41c71,london-travel-guide-en,en,true,13106,,2026-05-22T02:57:29.150937+00:00,2026-05-22T02:57:29.150937+00:00
article,Bali (Indonesia) / 관광,Bali Travel on a Budget: The Complete Guide for 2024,/en/article/bali-budget-travel-en,9c4fd735-3b19-4017-b64a-88d7ee3a3f28,bali-budget-travel-en,en,true,14690,,2026-05-29T12:48:43.157822+00:00,2026-05-29T12:48:43.157822+00:00
article,Da Nang (Vietnam) / 관광,Da Nang Travel Guide: Best Things to Do for First-Time Visitors,/en/article/da-nang-travel-guide-en,e50d749c-1821-4537-8d40-ce1ae8e7d3cb,da-nang-travel-guide-en,en,true,14954,,2026-05-26T07:08:35.991275+00:00,2026-05-26T07:08:35.991275+00:00
article,Kyoto (Japan) / 문화,Kyoto Temples Travel Guide: Top Shrines & Hidden Gems,/en/article/kyoto-temples-guide-en,185fc4d9-d7a1-4351-b778-7df05fc2a638,kyoto-temples-guide-en,en,true,16003,,2026-05-28T13:07:51.395928+00:00,2026-05-28T13:07:51.395928+00:00
article,발리 (인도네시아) / 문화,발리 우붓 완벽 가이드: 볼거리·먹거리·이동 방법 총정리,/article/bali-ubud-guide-ko,e9d423e2-8361-40bf-a7f4-c535a99c1eb5,bali-ubud-guide-ko,ko,true,2828,,2026-06-03T18:17:40.34858+00:00,2026-06-03T18:17:40.34858+00:00
article,Nara (Japan) / 관광,Nara Day Trip Guide: Best Things to Do for First-Time Visitors,/en/article/nara-travel-guide-en,10ca8da0-4cb0-40f4-af92-0d120780e417,nara-travel-guide-en,en,true,12901,,2026-05-26T07:04:18.537688+00:00,2026-05-26T07:04:18.537688+00:00
article,Vancouver (Canada) / 관광,Vancouver Travel Guide: Best Things to Do for First-Time Visitors,/en/article/vancouver-travel-guide-en,6d219cf8-c906-4167-af70-8fb226435352,vancouver-travel-guide-en,en,true,13807,,2026-05-26T08:02:20.178985+00:00,2026-05-26T08:02:20.178985+00:00
article,나트랑 (베트남) / 관광,나트랑 여행 완벽 가이드 2024 - 한국인이 꼭 알아야 할 필수 정보,/article/nha-trang-travel-guide-for-koreans-2024,8fe0023d-ea8a-4cf5-8bfb-9db1337be756,nha-trang-travel-guide-for-koreans-2024,ko,true,4029,,2026-05-22T04:32:48.862653+00:00,2026-05-22T04:32:48.862653+00:00
article,후쿠오카 (일본) / 관광,후쿠오카 여행 완벽 가이드 2024 - 한국인이 꼭 알아야 할 핵심 정보,/article/fukuoka-travel-guide-for-korean-travelers-2024,2f7eb976-99e9-4565-b223-0f27bfe3328e,fukuoka-travel-guide-for-korean-travelers-2024,ko,true,4448,,2026-05-22T04:29:31.068087+00:00,2026-05-22T04:29:31.068087+00:00
article,Bangkok (Thailand) / 관광,Bangkok Travel Guide: Best Things to Do for First-Time Visitors,/en/article/bangkok-travel-guide-en,46ec10d5-f512-4574-a8d4-983ab2530d50,bangkok-travel-guide-en,en,true,14169,,2026-05-22T02:54:48.912097+00:00,2026-05-22T02:54:48.912097+00:00
article,Ho Chi Minh City (Vietnam) / 관광,Ho Chi Minh City Travel Guide: Best Things to Do for First-Time Visitors,/en/article/ho-chi-minh-city-travel-guide-en,67c81cc4-7179-406a-a04a-3a2e484065c3,ho-chi-minh-city-travel-guide-en,en,true,13983,,2026-05-26T07:11:30.200148+00:00,2026-05-26T07:11:30.200148+00:00
article,Kyoto (Japan) / 문화,Kyoto Gion District Guide: Explore Kyoto's Geisha Quarter,/en/article/kyoto-gion-guide-en,3b7cafe7-f463-4bb9-ad9a-83b520e32c92,kyoto-gion-guide-en,en,true,14024,,2026-05-28T13:09:21.928876+00:00,2026-05-28T13:09:21.928876+00:00
article,싱가포르 (싱가포르) / 맛집,싱가포르 맛집 호커 센터 완벽 가이드: 현지인처럼 즐기는 법,/article/singapore-hawker-food-guide-ko,4ea911eb-884f-446d-8676-4d450480ca24,singapore-hawker-food-guide-ko,ko,true,3234,,2026-06-05T12:24:38.324673+00:00,2026-06-05T12:24:38.324673+00:00
article,Amsterdam (Netherlands) / 관광,Amsterdam Travel Guide: Best Things to Do for First-Time Visitors,/en/article/amsterdam-travel-guide-en,0299787e-343d-4832-86e5-69750845cbce,amsterdam-travel-guide-en,en,true,14420,,2026-05-22T03:01:33.496789+00:00,2026-05-22T03:01:33.496789+00:00
article,Rome (Italy) / 관광,Rome 3-Day Itinerary on a Budget: The Ultimate Travel Guide for First-Time Visitors,/en/article/rome-travel-guide-en,492a8042-088a-4807-b419-82ed54046189,rome-travel-guide-en,en,true,13891,,2026-05-22T03:00:08.650103+00:00,2026-05-22T03:00:08.650103+00:00
article,로스앤젤레스 (미국) / 관광,태양의 도시 로스앤젤레스: 할리우드부터 해변까지 완벽 여행 가이드,/article/los-angeles-travel-guide-hollywood-to-beach,1dd0fa2b-9548-427f-b508-56e676952f7b,los-angeles-travel-guide-hollywood-to-beach,ko,true,3493,,2026-05-21T09:39:02.487201+00:00,2026-05-21T09:39:02.487201+00:00
article,Nha Trang (Vietnam) / 관광,Nha Trang Travel Guide: Best Things to Do for First-Time Visitors,/en/article/nha-trang-travel-guide-en,7b8b566b-000c-49b0-9e0b-aede6319742f,nha-trang-travel-guide-en,en,true,13426,,2026-05-26T07:12:56.138421+00:00,2026-05-26T07:12:56.138421+00:00
article,Florence (Italy) / 문화,Florence Travel Guide: Best Things to Do for Art and Culture Lovers,/en/article/florence-travel-guide-en,527a3266-b7ed-4fce-96fe-addace842aba,florence-travel-guide-en,en,true,15552,,2026-05-26T07:54:06.827971+00:00,2026-05-26T07:54:06.827971+00:00
article,Cebu (Philippines) / 자연,"Cebu Travel Guide: Best Things to Do, Beaches & Islands for First-Time Visitors",/en/article/cebu-travel-guide-en,a9cca7af-ae5a-4696-86fc-ba1fa710106b,cebu-travel-guide-en,en,true,14293,,2026-05-26T07:17:27.454266+00:00,2026-05-26T07:17:27.454266+00:00
article,Chiang Mai (Thailand) / 문화,"Chiang Mai Travel Guide: Best Temples, Culture & Things to Do for First-Time Visitors",/en/article/chiang-mai-travel-guide-en,611a2465-8dab-4e8a-8740-d27cc5cccf91,chiang-mai-travel-guide-en,en,true,13384,,2026-05-26T07:05:43.5319+00:00,2026-05-26T07:05:43.5319+00:00
article,Kyoto (Japan) / 관광,Best Day Trips from Kyoto: Top Escapes for Travelers,/en/article/kyoto-day-trips-en,31ba2359-ec77-498f-8b6c-3946577b9acc,kyoto-day-trips-en,en,true,14141,,2026-05-28T13:10:52.614687+00:00,2026-05-28T13:10:52.614687+00:00
article,Helsinki (Finland) / 관광,Helsinki Travel Guide: Best Things to Do for First-Time Visitors,/en/article/helsinki-travel-guide-en,08eb847c-956d-4571-b5aa-6617ac7e0508,helsinki-travel-guide-en,en,true,13974,,2026-05-26T07:43:01.206308+00:00,2026-05-26T07:43:01.206308+00:00
article,Kuala Lumpur (Malaysia) / 관광,Kuala Lumpur Travel Guide: Best Things to Do for First-Time Visitors,/en/article/kuala-lumpur-travel-guide-en,5ac4960a-8c42-4fc3-a3a0-d251a21fa1dc,kuala-lumpur-travel-guide-en,en,true,16367,,2026-05-26T07:14:35.873833+00:00,2026-05-26T07:14:35.873833+00:00
article,Mumbai (India) / 문화,Mumbai Travel Guide: Best Things to Do for First-Time Visitors,/en/article/mumbai-travel-guide-en,5918ae35-c055-4f68-964c-740baf5f0dcf,mumbai-travel-guide-en,en,true,13963,,2026-05-26T08:05:06.670987+00:00,2026-05-26T08:05:06.670987+00:00
article,New York (USA) / 관광,New York Budget Travel Tips: Explore NYC for Less,/en/article/new-york-budget-travel-en,de7b767e-29a1-4e27-8bfb-aa3083b3cf7a,new-york-budget-travel-en,en,true,13988,,2026-06-06T09:41:42.92628+00:00,2026-06-06T09:41:42.92628+00:00
article,아테네 (그리스) / 문화,아테네 완전 정복: 고대 문명과 현대 도시가 공존하는 그리스의 심장,/article/athens-greece-travel-guide,999f6edd-bb68-4159-b423-701996b110b9,athens-greece-travel-guide,ko,true,2617,,2026-05-21T08:53:44.629887+00:00,2026-05-21T08:53:44.629887+00:00
article,싱가포르 (싱가포르) / 관광,싱가포르 완벽 여행 가이드: 도심 속 다채로운 문화와 미식의 천국,/article/singapore-complete-travel-guide,76540f5a-02ec-414b-92e7-626d765e61e4,singapore-complete-travel-guide,ko,true,2977,,2026-05-12T09:20:36.245764+00:00,2026-05-12T09:20:36.245764+00:00
article,상하이 (중국) / 문화,상하이 완전 정복 가이드: 동양의 파리에서 놓치면 안 될 모든 것,/article/shanghai-china-complete-travel-guide,b2f36184-e8ef-4f91-b4a3-3121b5161870,shanghai-china-complete-travel-guide,ko,true,3161,,2026-05-21T08:57:47.825788+00:00,2026-05-21T08:57:47.825788+00:00
article,Los Angeles (USA) / 관광,Los Angeles Travel Guide: Top Things to See & Do,/en/article/los-angeles-complete-guide-en,1bfdc70e-bfeb-4ca4-b662-98ef30ecf278,los-angeles-complete-guide-en,en,true,15237,,2026-06-06T09:43:28.691062+00:00,2026-06-06T09:43:28.691062+00:00
article,Seoul (South Korea) / 관광,Seoul Travel Guide: Best Things to Do for First-Time Visitors in 2024,/en/article/seoul-travel-guide-en,94b306e7-c8d5-48b4-a9b8-84cf5862f10f,seoul-travel-guide-en,en,true,17123,,2026-05-26T05:01:12.815949+00:00,2026-05-26T05:01:12.815949+00:00
article,Busan (South Korea) / 관광,Busan Travel Guide: Best Things to Do for First-Time Visitors in 2024,/en/article/busan-travel-guide-en,424ff25a-d45f-4edd-a06f-a0daf1942a80,busan-travel-guide-en,en,true,16834,,2026-05-26T05:03:01.396475+00:00,2026-05-26T05:03:01.396475+00:00
article,Chiang Mai (Thailand) / 문화,Chiang Mai Temples Guide: Top Sacred Sites to Visit,/en/article/chiang-mai-temples-guide-en,495a82c5-890b-49d0-adc9-b8a045b22a54,chiang-mai-temples-guide-en,en,true,15428,,2026-05-31T10:11:41.452961+00:00,2026-05-31T10:11:41.452961+00:00
article,Sokcho (South Korea) / 자연,Sokcho Travel Guide: Best Things to Do in Seoraksan for First-Time Visitors,/en/article/sokcho-travel-guide-en,b50a8292-ca7e-4ee2-93f3-fafbd39c6544,sokcho-travel-guide-en,en,true,17535,,2026-05-26T05:12:43.460278+00:00,2026-05-26T05:12:43.460278+00:00
article,Osaka (Japan) / 관광,Osaka Travel Guide: Best Things to Do for First-Time Visitors,/en/article/osaka-travel-guide-en,1b3910fb-e8dc-4b86-8cee-fe10033d759b,osaka-travel-guide-en,en,true,13584,,2026-05-26T08:08:40.982275+00:00,2026-05-26T08:08:40.982275+00:00
article,Jeju Island (South Korea) / 관광,Jeju Island Travel Guide: Best Things to Do for First-Time Visitors,/en/article/jeju-island-travel-guide-en,511c1e62-531b-4130-abcc-0b79d62c3e7d,jeju-island-travel-guide-en,en,true,17843,,2026-05-26T05:18:15.702115+00:00,2026-05-26T05:18:15.702115+00:00
article,Brussels (Belgium) / 관광,Brussels Travel Guide: Best Things to Do for First-Time Visitors,/en/article/brussels-travel-guide-en,0fa3d3ae-34fe-4e51-87cc-79f9a6f8ef3f,brussels-travel-guide-en,en,true,13304,,2026-05-26T07:47:07.396993+00:00,2026-05-26T07:47:07.396993+00:00
article,발리 (인도네시아) / 문화,발리의 마법에 빠지다: 신들의 섬에서 보내는 완벽한 여행 가이드,/article/bali-complete-travel-guide-island-of-gods,da454a8f-2ac6-48f3-92fe-6a295e168812,bali-complete-travel-guide-island-of-gods,ko,true,3108,,2026-05-12T08:55:15.001228+00:00,2026-05-12T08:55:15.001228+00:00
article,바르샤바 (폴란드) / 문화,바르샤바 완벽 여행 가이드: 역사와 현대가 공존하는 폴란드의 수도,/article/warsaw-poland-travel-guide,ef1b65f0-9e3f-47db-aa26-59e9820aec2c,warsaw-poland-travel-guide,ko,true,2978,,2026-05-21T08:49:04.506423+00:00,2026-05-21T08:49:04.506423+00:00
article,Hanoi (Vietnam) / 맛집,Hanoi Food Travel Guide: Best Dishes & Where to Eat,/en/article/hanoi-food-guide-en,7ba861db-781c-4dc4-a7be-56b750fcc4f1,hanoi-food-guide-en,en,true,15602,,2026-05-31T10:14:51.002035+00:00,2026-05-31T10:14:51.002035+00:00
article,Tokyo (Japan) / 관광,Best Day Trips from Tokyo: Top Escapes Beyond the City,/en/article/tokyo-day-trips-en,dd22f27b-ae3b-4994-bc1e-1dac46f833f7,tokyo-day-trips-en,en,true,13680,,2026-05-27T05:44:44.04109+00:00,2026-05-27T05:44:44.04109+00:00
article,도쿄 (일본) / 관광,도쿄 신주쿠 여행 완벽 가이드: 쇼핑·맛집·관광 총정리,/article/tokyo-shinjuku-guide-ko,b526071f-9efa-4bb5-99b1-dbe8651c443f,tokyo-shinjuku-guide-ko,ko,true,2729,,2026-05-27T04:25:54.117046+00:00,2026-05-27T04:25:54.117046+00:00
article,Sydney (Australia) / 관광,Sydney Travel Guide: Top Attractions & Tips for 2024,/en/article/sydney-complete-guide-en,7301d9d5-0329-4935-9422-12b5c1695b08,sydney-complete-guide-en,en,true,16429,,2026-06-06T09:45:23.839005+00:00,2026-06-06T09:45:23.839005+00:00
article,Paris (France) / 관광,Paris Travel Guide: 3-Day Budget Itinerary for First-Time Visitors,/en/article/paris-travel-guide-en,42b256c0-008b-494d-84e1-6efb50d6ac61,paris-travel-guide-en,en,true,13424,,2026-05-22T02:51:52.387142+00:00,2026-05-22T02:51:52.387142+00:00
article,Guam (USA (Guam)) / 관광,Guam Travel Guide: Best Things to Do for First-Time Visitors,/en/article/guam-travel-guide-en,c8299795-b214-4008-8331-64f70f32b1bd,guam-travel-guide-en,en,true,13692,,2026-05-26T07:20:12.127842+00:00,2026-05-26T07:20:12.127842+00:00
article,Boracay (Philippines) / 관광,Boracay Travel Guide: Best Things to Do for First-Time Visitors,/en/article/boracay-travel-guide-en,3d27e5a8-087a-46c7-b2fc-ccd076f9d5e7,boracay-travel-guide-en,en,true,13668,,2026-05-26T07:18:46.863976+00:00,2026-05-26T07:18:46.863976+00:00
article,Manila (Philippines) / 문화,Manila Travel Guide: Best Things to Do for First-Time Visitors,/en/article/manila-travel-guide-en,49c4cbcf-7cac-42b9-92a0-b0484fa9e68b,manila-travel-guide-en,en,true,14344,,2026-05-26T07:16:01.996468+00:00,2026-05-26T07:16:01.996468+00:00
article,후쿠오카 (일본) / 쇼핑,후쿠오카 쇼핑 완벽 가이드 – 쇼핑몰부터 전통 시장까지,/article/fukuoka-shopping-guide-ko,c2266127-adb2-48aa-8641-914684db78cf,fukuoka-shopping-guide-ko,ko,true,3264,,2026-05-29T12:39:24.819175+00:00,2026-05-29T12:39:24.819175+00:00
article,Tokyo (Japan) / 관광,Tokyo Travel Guide: Best Things to Do for First-Time Visitors,/en/article/tokyo-travel-guide-en,1c97e79e-6950-4588-80ad-20cd871a8cc9,tokyo-travel-guide-en,en,true,15932,,2026-05-22T02:50:28.853455+00:00,2026-05-22T02:50:28.853455+00:00
article,Incheon (South Korea) / 관광,Incheon Travel Guide: Best Things to Do for First-Time Visitors to South Korea,/en/article/incheon-travel-guide-en,7c59ed77-4002-4572-8f45-e23a5c15d1a4,incheon-travel-guide-en,en,true,20617,,2026-05-26T05:24:15.551633+00:00,2026-05-26T05:24:15.551633+00:00
article,Nami Island (South Korea) / 자연,Nami Island Travel Guide: Best Things to Do on a Day Trip from Seoul for First-Time Visitors,/en/article/nami-island-travel-guide-en,4bf08355-8e18-4dc5-a92f-c15ff2af913d,nami-island-travel-guide-en,en,true,17481,,2026-05-26T05:14:39.45037+00:00,2026-05-26T05:14:39.45037+00:00
article,Taichung (Taiwan) / 관광,Taichung Travel Guide: Best Things to Do for First-Time Visitors,/en/article/taichung-travel-guide-en,9942ae05-9d7a-4119-9a6c-a718d8442304,taichung-travel-guide-en,en,true,14171,,2026-05-26T07:25:55.474936+00:00,2026-05-26T07:25:55.474936+00:00
article,Stockholm (Sweden) / 관광,Stockholm Travel Guide: Best Things to Do for First-Time Visitors,/en/article/stockholm-travel-guide-en,ce51847a-ebb9-4283-9398-9c40498259db,stockholm-travel-guide-en,en,true,14120,,2026-05-26T07:45:46.924327+00:00,2026-05-26T07:45:46.924327+00:00
article,후쿠오카 (일본) / 관광,후쿠오카 당일치기 완벽 가이드: 하루 만에 즐기는 핵심 코스,/article/fukuoka-day-trip-ko,588f5d6d-98c3-4952-b4be-197889d593d1,fukuoka-day-trip-ko,ko,true,2541,,2026-05-29T12:40:30.138847+00:00,2026-05-29T12:40:30.138847+00:00
article,Tokyo (Japan) / 쇼핑,Best Shopping in Tokyo: The Ultimate District Guide,/en/article/tokyo-shopping-guide-en,67c22996-dfaa-4a6f-ae71-50b6b0aada6c,tokyo-shopping-guide-en,en,true,15329,,2026-05-27T05:43:08.546317+00:00,2026-05-27T05:43:08.546317+00:00
article,Paris (France) / 관광,Paris Travel Guide First Time: What Every Visitor Must Know,/en/article/paris-first-timers-guide-en,791fd65e-e2f0-4b08-8ab7-1f853184debb,paris-first-timers-guide-en,en,true,15250,,2026-06-03T18:22:31.910329+00:00,2026-06-03T18:22:31.910329+00:00
article,싱가포르 (싱가포르) / 쇼핑,싱가포르 쇼핑 완벽 가이드: 쇼핑몰부터 야시장까지,/article/singapore-shopping-guide-ko,a2f340c7-fa9c-41cb-94dc-4dbd763e9839,singapore-shopping-guide-ko,ko,true,3243,,2026-06-05T12:26:20.788278+00:00,2026-06-05T12:26:20.788278+00:00
article,오사카 (일본) / 관광,오사카 도톤보리 완벽 가이드: 먹거리·볼거리·즐길거리 총정리,/article/osaka-dotonbori-guide-ko,21166b55-17ef-46ff-ba72-bccc44a5555d,osaka-dotonbori-guide-ko,ko,true,2492,,2026-05-28T12:58:56.180104+00:00,2026-05-28T12:58:56.180104+00:00
article,Saipan (Northern Mariana Islands) / 관광,Saipan Travel Guide: Best Things to Do for First-Time Visitors,/en/article/saipan-travel-guide-en,592fa4de-2146-4946-9c20-461b6bc6961e,saipan-travel-guide-en,en,true,13726,,2026-05-26T07:21:33.044763+00:00,2026-05-26T07:21:33.044763+00:00
article,Fukuoka (Japan) / 맛집,Fukuoka Food Travel Guide: Best Eats & Districts,/en/article/fukuoka-food-guide-en,42c4c423-23d1-4595-8a75-4303c45c64df,fukuoka-food-guide-en,en,true,14281,,2026-05-29T12:42:37.143333+00:00,2026-05-29T12:42:37.143333+00:00
article,교토 (일본) / 문화,교토 기모노 체험 완벽 가이드: 대여부터 포토존까지,/article/kyoto-kimono-experience-ko,ea11d18c-2a70-4c51-81a0-10cbdc86cb1e,kyoto-kimono-experience-ko,ko,true,2866,,2026-05-30T09:27:57.948889+00:00,2026-05-30T09:27:57.948889+00:00
article,Paris (France) / 관광,Paris Travel on a Budget: The Complete Guide,/en/article/paris-budget-travel-en,47b45c37-80e9-462e-97e0-e5af952b1a31,paris-budget-travel-en,en,true,14881,,2026-06-03T18:24:04.676258+00:00,2026-06-03T18:24:04.676258+00:00
article,타이베이 (대만) / 맛집,타이베이 야시장 완벽 가이드: 꼭 가야 할 필수 야시장 총정리,/article/taipei-night-market-guide-ko,151bc7d0-ac6e-4387-9560-cd0149e0b23f,taipei-night-market-guide-ko,ko,true,3144,,2026-06-05T12:28:11.651274+00:00,2026-06-05T12:28:11.651274+00:00
article,바르셀로나 (스페인) / 맛집,바르셀로나 해변 맛집 완벽 가이드 | 현지인도 찾는 숨은 맛집,/article/barcelona-beach-food-guide-ko,80aa4c69-712a-4b9c-b754-bdb38f0e4d23,barcelona-beach-food-guide-ko,ko,true,2499,,2026-06-07T10:18:27.20332+00:00,2026-06-07T10:18:27.20332+00:00
article,New Delhi (India) / 문화,New Delhi Travel Guide: Best Things to Do for First-Time Visitors,/en/article/new-delhi-travel-guide-en,de732e7c-32ef-448a-95ca-97b429ff23d3,new-delhi-travel-guide-en,en,true,13126,,2026-05-26T08:06:27.034818+00:00,2026-05-26T08:06:27.034818+00:00
article,Sapporo (Japan) / 관광,Sapporo Winter Travel Guide: Best Things to Do & See,/en/article/sapporo-winter-guide-en,af547cbc-c3a1-4fd9-a142-22250e1bc9ef,sapporo-winter-guide-en,en,true,13625,,2026-05-29T12:44:06.587299+00:00,2026-05-29T12:44:06.587299+00:00
article,하노이 (베트남) / 맛집,하노이 맛집 완벽 가이드 – 현지인도 즐겨 찾는 필수 식당 추천,/article/hanoi-best-restaurants-ko,81f5d7d8-4ece-41d6-9d4e-470d460af595,hanoi-best-restaurants-ko,ko,true,3448,,2026-06-01T19:35:08.757346+00:00,2026-06-01T19:35:08.757346+00:00
article,Paris (France) / 맛집,Best Restaurants in Paris: A Complete Dining Guide,/en/article/paris-best-restaurants-en,70958f3b-644d-449d-9a2f-55f09b117c9d,paris-best-restaurants-en,en,true,15888,,2026-06-03T18:25:34.751247+00:00,2026-06-03T18:25:34.751247+00:00
article,타이베이 (대만) / 맛집,타이베이 맛집 완벽 가이드 – 현지인도 즐겨 찾는 필수 식당 총정리,/article/taipei-best-restaurants-ko,75f848cb-06c0-4eba-ac38-b448c8a00d0a,taipei-best-restaurants-ko,ko,true,3034,,2026-06-05T12:29:53.782849+00:00,2026-06-05T12:29:53.782849+00:00
article,로마 (이탈리아) / 문화,로마 콜로세움 완벽 가이드: 입장권부터 관람 팁까지,/article/rome-colosseum-guide-ko,6164088b-3d60-4564-adfb-fbc7614b1a59,rome-colosseum-guide-ko,ko,true,2433,,2026-06-07T10:19:49.259309+00:00,2026-06-07T10:19:49.259309+00:00
article,오사카 (일본) / 쇼핑,오사카 쇼핑 완벽 가이드: 현지인도 즐겨 찾는 핵심 쇼핑 스폿,/article/osaka-shopping-guide-ko,d01de54f-a91c-4ec0-8cd7-7fa5fd4fdf1a,osaka-shopping-guide-ko,ko,true,3313,,2026-05-28T13:01:20.001623+00:00,2026-05-28T13:01:20.001623+00:00
article,Hong Kong (Hong Kong) / 관광,Hong Kong Travel Guide: Best Things to Do for First-Time Visitors,/en/article/hong-kong-travel-guide-en,13ccf558-89c7-4783-bc82-8d8dcde86032,hong-kong-travel-guide-en,en,true,13785,,2026-05-26T07:22:57.795109+00:00,2026-05-26T07:22:57.795109+00:00
article,Bali (Indonesia) / 관광,Bali Ubud Travel Guide: Top Things to See & Do,/en/article/bali-ubud-guide-en,d7665da2-f0cb-44ad-bc05-6395f503eef4,bali-ubud-guide-en,en,true,15551,,2026-05-29T12:45:44.144829+00:00,2026-05-29T12:45:44.144829+00:00
article,호치민 (베트남) / 관광,호치민 여행 완벽 가이드 | 관광지·맛집·교통 총정리,/article/ho-chi-minh-complete-guide-ko,e4b894c5-fc3e-4afb-9239-0e857308a226,ho-chi-minh-complete-guide-ko,ko,true,3236,,2026-06-01T19:36:21.532097+00:00,2026-06-01T19:36:21.532097+00:00
article,Paris (France) / 문화,Paris Hidden Gems Off the Beaten Path: A Local's Guide,/en/article/paris-hidden-gems-en,04a47708-1fe9-463e-a531-e0d0c28056de,paris-hidden-gems-en,en,true,13677,,2026-06-03T18:26:57.865972+00:00,2026-06-03T18:26:57.865972+00:00
article,Amsterdam (Netherlands) / 관광,Amsterdam Travel Guide: Top Attractions & Travel Tips,/en/article/amsterdam-complete-guide-en,cfac98fa-a93f-4103-8b1c-a371108f316f,amsterdam-complete-guide-en,en,true,16603,,2026-06-05T12:32:25.038292+00:00,2026-06-05T12:32:25.038292+00:00
article,로마 (이탈리아) / 맛집,로마 맛집 완벽 가이드 | 현지인도 즐겨 찾는 레스토랑 추천,/article/rome-best-restaurants-ko,5d0d688f-6921-481a-9b2a-85e8f92935ca,rome-best-restaurants-ko,ko,true,3079,,2026-06-07T10:21:28.62338+00:00,2026-06-07T10:21:28.62338+00:00
article,Taipei (Taiwan) / 관광,Taipei Travel Guide: Best Things to Do for First-Time Visitors,/en/article/taipei-travel-guide-en,6d407588-db4b-4b2d-af9b-17ff6ca5b105,taipei-travel-guide-en,en,true,14805,,2026-05-26T07:24:28.022152+00:00,2026-05-26T07:24:28.022152+00:00
article,Bali (Indonesia) / 자연,Best Beaches in Bali: Ultimate Guide for Travelers,/en/article/bali-best-beaches-en,76b9dfc0-1e43-4baa-94c4-1d106596dab9,bali-best-beaches-en,en,true,13555,,2026-05-29T12:47:06.399423+00:00,2026-05-29T12:47:06.399423+00:00
article,나트랑 (베트남) / 관광,나트랑 리조트 완벽 가이드: 한국인 여행자를 위한 최고의 선택,/article/nha-trang-resort-guide-ko,43d6034b-b6aa-404f-a966-1c5bd967cee7,nha-trang-resort-guide-ko,ko,true,2679,,2026-06-01T19:37:22.54435+00:00,2026-06-01T19:37:22.54435+00:00
article,Barcelona (Spain) / 관광,Barcelona Travel Guide: Top Attractions & Tips for 2024,/en/article/barcelona-complete-guide-en,fe0c6bbe-4fcf-4164-a52f-3d62a29e1333,barcelona-complete-guide-en,en,true,15541,,2026-06-03T18:28:37.340079+00:00,2026-06-03T18:28:37.340079+00:00
article,Prague (Czech Republic) / 관광,"Prague Budget Travel Guide: See More, Spend Less",/en/article/prague-budget-travel-en,3f42037c-32c3-42fc-8cc0-b4fd6594ae6e,prague-budget-travel-en,en,true,14934,,2026-06-05T12:34:16.613717+00:00,2026-06-05T12:34:16.613717+00:00
article,서울 (한국) / 문화,"서울 홍대 여행 완벽 가이드: 핫플레이스, 맛집, 쇼핑 총정리",/article/seoul-hongdae-guide-ko,c190d30c-7661-411b-8260-2669554d2455,seoul-hongdae-guide-ko,ko,true,2514,,2026-06-07T10:22:51.501139+00:00,2026-06-07T10:22:51.501139+00:00
article,Melbourne (Australia) / 관광,Melbourne Travel Guide: Best Things to Do for First-Time Visitors,/en/article/melbourne-travel-guide-en,6da30965-5586-4c83-95a6-b9440ca59688,melbourne-travel-guide-en,en,true,13374,,2026-05-26T08:10:02.436927+00:00,2026-05-26T08:10:02.436927+00:00
article,Toronto (Canada) / 관광,Toronto Travel Guide: Best Things to Do for First-Time Visitors,/en/article/toronto-travel-guide-en,862597cc-0411-4ec9-aa20-3f3bc5e3b530,toronto-travel-guide-en,en,true,14912,,2026-05-26T08:03:42.780526+00:00,2026-05-26T08:03:42.780526+00:00
article,Las Vegas (USA) / 관광,Las Vegas Travel Guide: Best Things to Do for First-Time Visitors,/en/article/las-vegas-travel-guide-en,9e7b0b42-1132-4c90-8e5d-75a61f624ea3,las-vegas-travel-guide-en,en,true,15046,,2026-05-26T08:01:01.932831+00:00,2026-05-26T08:01:01.932831+00:00
article,Milan (Italy) / 관광,Milan Travel Guide: Best Things to Do for First-Time Visitors,/en/article/milan-travel-guide-en,1b6f80e0-02ba-44bb-858b-988f6c3b13f6,milan-travel-guide-en,en,true,14034,,2026-05-26T07:52:33.573377+00:00,2026-05-26T07:52:33.573377+00:00
article,Munich (Germany) / 관광,Munich Travel Guide: Best Things to Do for First-Time Visitors,/en/article/munich-travel-guide-en,ea5f377f-0bba-4a42-9b97-34d320c3725f,munich-travel-guide-en,en,true,13087,,2026-05-26T07:51:09.599754+00:00,2026-05-26T07:51:09.599754+00:00
article,방콕 (태국) / 문화,방콕 왕궁 사원 완벽 가이드: 왓 프라깨우·왓 포·왓 아룬 핵심 정보,/article/bangkok-temples-guide-ko,8347ef27-da82-4e8c-a940-99e00f280a6a,bangkok-temples-guide-ko,ko,true,2644,,2026-06-01T19:39:38.525709+00:00,2026-06-01T19:39:38.525709+00:00
article,Athens (Greece) / 관광,Athens Travel Guide: Best Things to Do for First-Time Visitors,/en/article/athens-travel-guide-en,c73f52d6-0541-4c41-a842-b2a454d6be84,athens-travel-guide-en,en,true,14707,,2026-05-26T07:49:48.281274+00:00,2026-05-26T07:49:48.281274+00:00
article,교토 (일본) / 문화,교토 사원 추천 완벽 가이드: 꼭 방문해야 할 명사찰 5곳,/article/kyoto-temples-guide-ko,0a195e74-cd90-47ea-96af-83fe274fa309,kyoto-temples-guide-ko,ko,true,3087,,2026-05-30T09:26:48.145801+00:00,2026-05-30T09:26:48.145801+00:00
article,방콕 (태국) / 쇼핑,방콕 쇼핑 완벽 가이드 | 쇼핑몰부터 야시장까지,/article/bangkok-shopping-guide-ko,4bd9da82-26dd-47ce-8d57-779ada39d14c,bangkok-shopping-guide-ko,ko,true,2727,,2026-06-01T19:40:43.361737+00:00,2026-06-01T19:40:43.361737+00:00
article,발리 (인도네시아) / 관광,발리 꾸따 완벽 가이드: 해변부터 쇼핑까지 핵심 정보,/article/bali-kuta-guide-ko,5993ae2f-7308-4508-8eb2-7655728d68c3,bali-kuta-guide-ko,ko,true,2809,,2026-06-04T12:28:24.712165+00:00,2026-06-04T12:28:24.712165+00:00
article,Dubai (UAE) / 관광,"Dubai Budget Travel Tips: Explore More, Spend Less",/en/article/dubai-budget-travel-en,4b3d0636-bfce-4e9d-bb57-380ef6d9fe54,dubai-budget-travel-en,en,true,15166,,2026-06-05T12:36:01.629207+00:00,2026-06-05T12:36:01.629207+00:00
article,서울 (한국) / 문화,서울 인사동 완벽 여행 가이드 – 전통과 현대가 공존하는 골목 탐방,/article/seoul-insadong-guide-ko,bafa23c4-3772-42a1-b133-6c1a04ab6c5b,seoul-insadong-guide-ko,ko,true,3056,,2026-06-07T10:24:26.615966+00:00,2026-06-07T10:24:26.615966+00:00
article,오사카 (일본) / 문화,오사카에서 교토 당일치기 완벽 가이드 | 교통·코스·관광지 총정리,/article/osaka-kyoto-day-trip-ko,a1a5fad7-adc9-4e27-ba6d-90d682297bb2,osaka-kyoto-day-trip-ko,ko,true,3104,,2026-05-29T12:35:37.008297+00:00,2026-05-29T12:35:37.008297+00:00
article,Warsaw (Poland) / 관광,Warsaw Travel Guide: Best Things to Do for First-Time Visitors,/en/article/warsaw-travel-guide-en,f6195e08-b0c3-4f71-8993-c19dcd94d087,warsaw-travel-guide-en,en,true,11998,,2026-05-26T07:48:23.410521+00:00,2026-05-26T07:48:23.410521+00:00
article,Oslo (Norway) / 관광,Oslo Travel Guide: Best Things to Do for First-Time Visitors,/en/article/oslo-travel-guide-en,17b72245-a122-49a7-9d0c-9f6923e13e2e,oslo-travel-guide-en,en,true,12750,,2026-05-26T07:44:18.638069+00:00,2026-05-26T07:44:18.638069+00:00
article,Copenhagen (Denmark) / 관광,Copenhagen Travel Guide: Best Things to Do for First-Time Visitors,/en/article/copenhagen-travel-guide-en,aa93d6fc-b5a1-4dea-bad6-3b670268ef3e,copenhagen-travel-guide-en,en,true,13792,,2026-05-26T07:41:41.137099+00:00,2026-05-26T07:41:41.137099+00:00
article,Prague (Czech Republic) / 관광,Prague Travel Guide: 3-Day Budget Itinerary for First-Time Visitors,/en/article/prague-travel-guide-en,9d46771c-b0fc-4a48-b227-d735667e9da4,prague-travel-guide-en,en,true,14195,,2026-05-26T07:37:20.314323+00:00,2026-05-26T07:37:20.314323+00:00
article,Phuket (Thailand) / 관광,Phuket Beach Guide: Best Beaches and Things to Do for First-Time Visitors,/en/article/phuket-travel-guide-en,42937548-327f-412f-bc46-5d6bb23feed1,phuket-travel-guide-en,en,true,13814,,2026-05-26T07:07:06.810627+00:00,2026-05-26T07:07:06.810627+00:00
article,Budapest (Hungary) / 관광,Budapest Travel Guide: Best Things to Do for First-Time Visitors,/en/article/budapest-travel-guide-en,b55d5b55-86b6-4a39-a33e-8185fcc29503,budapest-travel-guide-en,en,true,14247,,2026-05-26T07:40:18.890388+00:00,2026-05-26T07:40:18.890388+00:00
article,Okinawa (Japan) / 자연,Okinawa Beach & Island Guide: Best Things to Do for First-Time Visitors,/en/article/okinawa-travel-guide-en,77908758-7a18-4597-abd8-7a5584e53046,okinawa-travel-guide-en,en,true,13695,,2026-05-26T07:02:57.236942+00:00,2026-05-26T07:02:57.236942+00:00
article,교토 (일본) / 맛집,교토 맛집 완벽 가이드 – 현지인도 즐겨 찾는 추천 식당 총정리,/article/kyoto-best-restaurants-ko,341780f2-a0e6-4bd0-a5f4-890cd2bb99aa,kyoto-best-restaurants-ko,ko,true,2922,,2026-05-30T09:29:11.42374+00:00,2026-05-30T09:29:11.42374+00:00
article,Jeonju (South Korea) / 문화,Jeonju Travel Guide: Best Things to Do in Jeonju Hanok Village for First-Time Visitors,/en/article/jeonju-travel-guide-en,0ed76efb-c81f-42cd-a952-429c3fe6299c,jeonju-travel-guide-en,en,true,16995,,2026-05-26T05:10:49.781506+00:00,2026-05-26T05:10:49.781506+00:00
article,Tokyo (Japan) / 관광,Tokyo Shinjuku Travel Guide: Top Things to Do & See,/en/article/tokyo-shinjuku-guide-en,a8f24710-ff68-4b34-9b5d-d6d69d3c3558,tokyo-shinjuku-guide-en,en,true,15345,,2026-05-27T04:29:53.783106+00:00,2026-05-27T04:29:53.783106+00:00
article,Tokyo (Japan) / 맛집,Best Restaurants in Tokyo: A Complete Dining Guide,/en/article/tokyo-best-restaurants-en,8f6757fd-2b21-436d-881d-ca352ebd5d12,tokyo-best-restaurants-en,en,true,13584,,2026-05-27T04:33:04.410396+00:00,2026-05-27T04:33:04.410396+00:00
article,Phuket (Thailand) / 관광,Phuket Beach Travel Guide: Best Beaches & Tips,/en/article/phuket-beach-guide-en,7e8629b6-a6c2-4f67-91e5-19e6035366b9,phuket-beach-guide-en,en,true,14267,,2026-06-01T19:42:48.47289+00:00,2026-06-01T19:42:48.47289+00:00
article,Gyeongju (South Korea) / 문화,Gyeongju Travel Guide: Best Historical Sites and Things to Do for First-Time Visitors,/en/article/gyeongju-travel-guide-en,0a4cd7c2-de11-46c8-a04a-004111eb8bc7,gyeongju-travel-guide-en,en,true,16529,,2026-05-26T05:20:07.990792+00:00,2026-05-26T05:20:07.990792+00:00
article,Singapore (Singapore) / 맛집,Singapore Food Travel Guide: Best Dishes & Where to Eat,/en/article/singapore-food-guide-en,fd92752d-d4ef-4b45-ae23-e03f989ce017,singapore-food-guide-en,en,true,16112,,2026-06-01T19:44:29.575558+00:00,2026-06-01T19:44:29.575558+00:00
article,발리 (인도네시아) / 문화,발리 사원 완벽 가이드: 꼭 방문해야 할 신성한 성지 5곳,/article/bali-temples-guide-ko,347a0b07-a02a-4f3d-ac43-a6bfeaa409f7,bali-temples-guide-ko,ko,true,3510,,2026-06-04T12:30:18.832032+00:00,2026-06-04T12:30:18.832032+00:00
article,Tokyo (Japan) / 자연,Best Tokyo Cherry Blossom Spots to Visit in Spring,/en/article/tokyo-cherry-blossom-guide-en,4a9a374e-6e33-440b-9c9e-1debb25595ac,tokyo-cherry-blossom-guide-en,en,true,14551,,2026-05-27T05:40:01.138976+00:00,2026-05-27T05:40:01.138976+00:00
article,도쿄 (일본) / 맛집,도쿄 맛집 추천: 현지인도 즐겨 찾는 필수 식당 가이드,/article/tokyo-best-restaurants-ko,d210b134-a06e-41b4-ab99-3f0edc2450aa,tokyo-best-restaurants-ko,ko,true,3284,,2026-05-27T05:35:41.16633+00:00,2026-05-27T05:35:41.16633+00:00
article,Osaka (Japan) / 관광,Osaka Dotonbori Travel Guide: Top Eats & Sights,/en/article/osaka-dotonbori-guide-en,dbaafade-0574-4333-a200-3b1268613a79,osaka-dotonbori-guide-en,en,true,14463,,2026-05-27T05:46:19.201736+00:00,2026-05-27T05:46:19.201736+00:00
article,Singapore (Singapore) / 관광,"Singapore Budget Travel Tips: See More, Spend Less",/en/article/singapore-budget-travel-en,f1e03fdb-f322-45f4-bde9-c1cac11162f0,singapore-budget-travel-en,en,true,13305,,2026-06-01T19:45:54.460959+00:00,2026-06-01T19:45:54.460959+00:00
article,발리 (인도네시아) / 맛집,발리 카페 완전 정복: 인스타 성지부터 로컬 숨은 명소까지,/article/bali-cafe-guide-ko,636a6029-df48-452c-8632-42d56b59c269,bali-cafe-guide-ko,ko,true,3311,,2026-06-04T12:31:56.328173+00:00,2026-06-04T12:31:56.328173+00:00
article,Tokyo (Japan) / 관광,Tokyo Travel on a Budget: The Ultimate Guide for 2024,/en/article/tokyo-budget-travel-en,44f59326-e641-47d4-a8d4-2a7653712557,tokyo-budget-travel-en,en,true,14561,,2026-05-27T05:41:35.858455+00:00,2026-05-27T05:41:35.858455+00:00
article,삿포로 (일본) / 관광,삿포로 겨울여행 완벽 가이드: 눈의 도시에서 즐기는 겨울 축제와 맛집,/article/sapporo-winter-guide-ko,01f35be5-7d2e-4f1f-98db-a55545ce5fb2,sapporo-winter-guide-ko,ko,true,2472,,2026-05-30T09:31:12.606566+00:00,2026-05-30T09:31:12.606566+00:00
article,도쿄 (일본) / 쇼핑,도쿄 긴자 쇼핑 완벽 가이드: 명품부터 백화점까지,/article/tokyo-ginza-shopping-ko,22c5ce98-350e-4b73-90c9-b2769d281dab,tokyo-ginza-shopping-ko,ko,true,3196,,2026-05-27T05:34:27.115883+00:00,2026-05-27T05:34:27.115883+00:00
article,Dubai (UAE) / 맛집,Dubai Food Travel Guide: Best Eats & Dining Tips,/en/article/dubai-food-guide-en,c930c8bf-45d3-4eb8-a838-1c1546bb2bf1,dubai-food-guide-en,en,true,15406,,2026-06-05T12:39:21.111349+00:00,2026-06-05T12:39:21.111349+00:00
article,도쿄 (일본) / 관광,도쿄 시부야 여행 완벽 가이드 – 볼거리·맛집·쇼핑 총정리,/article/tokyo-shibuya-guide-ko,4ccf417b-0005-411f-8232-e3ee67724c1b,tokyo-shibuya-guide-ko,ko,true,2623,,2026-05-27T04:27:00.82296+00:00,2026-05-27T04:27:00.82296+00:00
article,Seoul (South Korea) / 문화,Seoul Kpop Travel Guide: The Ultimate Fan Experience,/en/article/seoul-kpop-guide-en,d1fee6bb-4bad-461f-95e1-4f18e630bbf4,seoul-kpop-guide-en,en,true,14984,,2026-06-01T19:47:26.670378+00:00,2026-06-01T19:47:26.670378+00:00
article,Bali (Indonesia) / 문화,Bali Temples Travel Guide: Top Sacred Sites to Visit,/en/article/bali-temples-guide-en,1f31b39e-228a-4713-834f-efdab4036de9,bali-temples-guide-en,en,true,14947,,2026-05-30T09:33:19.234216+00:00,2026-05-30T09:33:19.234216+00:00
article,발리 (인도네시아) / 자연,발리 서핑 완벽 가이드: 초보부터 고수까지 필수 스팟과 팁,/article/bali-surfing-guide-ko,e0229072-4bdc-4104-bd06-add89788833d,bali-surfing-guide-ko,ko,true,3242,,2026-06-04T12:33:41.81292+00:00,2026-06-04T12:33:41.81292+00:00
article,Istanbul (Turkey) / 맛집,Istanbul Food Travel Guide: Best Dishes & Where to Eat,/en/article/istanbul-food-guide-en,0b9635f6-cf1b-4f22-806d-d36a84e736cc,istanbul-food-guide-en,en,true,14779,,2026-06-05T12:44:29.370688+00:00,2026-06-05T12:44:29.370688+00:00
article,서울 (한국) / 쇼핑,서울 명동 쇼핑 완벽 가이드: 쇼핑 스팟부터 꿀팁까지,/article/seoul-myeongdong-shopping-ko,af2a2685-0291-4ce4-88a6-802961362057,seoul-myeongdong-shopping-ko,ko,true,2609,,2026-06-08T14:54:11.529866+00:00,2026-06-08T14:54:11.529866+00:00
article,후쿠오카 (일본) / 관광,후쿠오카 여행 완벽 가이드 – 먹거리·관광·교통 총정리,/article/fukuoka-complete-guide-ko,0af395b2-f8d4-4736-bcda-d9fcfa945bc9,fukuoka-complete-guide-ko,ko,true,2552,,2026-05-29T12:36:42.837783+00:00,2026-05-29T12:36:42.837783+00:00
article,싱가포르 (싱가포르) / 관광,싱가포르 마리나베이 완벽 여행 가이드 | 핵심 명소부터 야경까지,/article/singapore-marina-bay-guide-ko,3a304dff-288e-4acc-a371-10ee152be966,singapore-marina-bay-guide-ko,ko,true,2983,,2026-06-04T12:35:15.85724+00:00,2026-06-04T12:35:15.85724+00:00
article,Bali (Indonesia) / 자연,Bali Surfing Guide for Beginners: Ride Your First Wave,/en/article/bali-surfing-guide-en,f6de5ad5-f108-4782-abed-8c946511c373,bali-surfing-guide-en,en,true,15780,,2026-05-30T09:34:55.534396+00:00,2026-05-30T09:34:55.534396+00:00
article,Tokyo (Japan) / 관광,Tokyo Shibuya Things to Do: The Ultimate Travel Guide,/en/article/tokyo-shibuya-guide-en,de6cd351-f1a8-47a6-9e2b-16ff7e870f1a,tokyo-shibuya-guide-en,en,true,16385,,2026-05-27T04:31:38.064353+00:00,2026-05-27T04:31:38.064353+00:00
article,Seoul (South Korea) / 맛집,The Ultimate Seoul Street Food Guide for Travelers,/en/article/seoul-street-food-guide-en,0f0570ed-5792-471f-9c8c-e502b96412f2,seoul-street-food-guide-en,en,true,14335,,2026-06-01T19:48:57.877685+00:00,2026-06-01T19:48:57.877685+00:00
article,타이베이 (대만) / 쇼핑,타이베이 쇼핑 완벽 가이드: 야시장부터 백화점까지 핵심 쇼핑 명소,/article/taipei-shopping-guide-ko,7c67c2b6-a264-4790-a171-fb1f6b6db494,taipei-shopping-guide-ko,ko,true,3481,,2026-06-06T09:32:42.776435+00:00,2026-06-06T09:32:42.776435+00:00
article,부산 (한국) / 관광,부산 해운대 완벽 여행 가이드: 해변부터 맛집까지,/article/busan-haeundae-guide-ko,e26a653b-c7e6-4d63-98d3-6ef3e461cb4e,busan-haeundae-guide-ko,ko,true,2879,,2026-06-08T14:55:21.880111+00:00,2026-06-08T14:55:21.880111+00:00
article,Rome (Italy) / 관광,Rome Travel Guide First Time: Everything You Need to Know,/en/article/rome-complete-guide-en,2140783c-e122-4137-a231-675b4587f217,rome-complete-guide-en,en,true,17172,,2026-06-04T12:39:37.719005+00:00,2026-06-04T12:39:37.719005+00:00
article,오사카 (일본) / 문화,오사카 완전 정복: 먹고 즐기고 반하는 3박 4일 여행 가이드,/article/osaka-japan-complete-travel-guide,aa33d622-f483-4d3d-b8e4-f79ab0f95d21,osaka-japan-complete-travel-guide,ko,true,2938,,2026-05-12T09:33:25.034641+00:00,2026-05-12T09:33:25.034641+00:00
article,도쿄 (일본) / 관광,도쿄 당일치기 완벽 가이드: 하루 만에 즐기는 도쿄 핵심 코스,/article/tokyo-day-trip-ko,34bafc53-7910-45ed-9f21-6ca0c3065616,tokyo-day-trip-ko,ko,true,3160,,2026-05-27T05:38:00.075126+00:00,2026-05-27T05:38:00.075126+00:00
article,도쿄 (일본) / 쇼핑,도쿄 하라주쿠 완벽 가이드: 쇼핑·맛집·문화 총정리,/article/tokyo-harajuku-guide-ko,cdfc9bfc-b2be-4a65-b182-dbd35590e91b,tokyo-harajuku-guide-ko,ko,true,2642,,2026-05-27T05:33:12.940239+00:00,2026-05-27T05:33:12.940239+00:00
article,도쿄 (일본) / 문화,도쿄 아사쿠사 여행 완벽 가이드 | 센소지부터 나카미세까지,/article/tokyo-asakusa-guide-ko,4a0e15ce-bda3-42cc-874c-36722077e0bb,tokyo-asakusa-guide-ko,ko,true,3030,,2026-05-27T04:28:12.933977+00:00,2026-05-27T04:28:12.933977+00:00
article,교토 (일본) / 문화,천년 고도의 숨결을 느끼다 — 교토 완전 정복 여행 가이드,/article/kyoto-japan-travel-guide-complete,7c19f939-6269-4804-8caa-306c608a0cc5,kyoto-japan-travel-guide-complete,ko,true,2879,,2026-05-12T09:34:22.418298+00:00,2026-05-12T09:34:22.418298+00:00
article,도쿄 (일본) / 자연,도쿄 벚꽃 명소 완벽 가이드 – 봄에 꼭 가야 할 핵심 스팟 7곳,/article/tokyo-cherry-blossom-ko,89a1a5e8-1020-4e6a-834c-00f39c49e027,tokyo-cherry-blossom-ko,ko,true,2473,,2026-05-27T05:36:43.230466+00:00,2026-05-27T05:36:43.230466+00:00
article,나고야 (일본) / 관광,나고야 여행 완벽 가이드 2024 - 한국인이 꼭 알아야 할 핵심 정보,/article/nagoya-japan-travel-guide-for-korean-travelers,19f9c6d9-0b9d-45a0-88b9-12c05ec82c31,nagoya-japan-travel-guide-for-korean-travelers,ko,true,4726,,2026-05-22T04:47:54.26251+00:00,2026-05-22T04:47:54.26251+00:00
article,오키나와 (일본) / 관광,오키나와 여행 완벽 가이드 2024 - 한국인이 꼭 알아야 할 필수 정보,/article/okinawa-japan-travel-guide-for-korean-travelers-2024,40b99c46-2ea5-4451-a489-d063d3aad729,okinawa-japan-travel-guide-for-korean-travelers-2024,ko,true,4329,,2026-05-22T04:44:09.375956+00:00,2026-05-22T04:44:09.375956+00:00
article,치앙마이 (태국) / 문화,치앙마이 완벽 여행 가이드: 북부 태국의 문화와 자연을 만나는 곳,/article/chiang-mai-thailand-travel-guide,efdc7551-ac68-4c58-a055-a5459433a88d,chiang-mai-thailand-travel-guide,ko,true,3016,,2026-05-21T09:33:41.933149+00:00,2026-05-21T09:33:41.933149+00:00
article,싱가포르 (싱가포르) / 문화,싱가포르 완벽 여행 가이드: 다채로운 문화와 미식의 도시를 탐험하다,/article/singapore-travel-guide-culture-food-attractions,80546fa7-90d3-4882-a41a-f1033bfcd9b7,singapore-travel-guide-culture-food-attractions,ko,true,2947,,2026-05-12T08:56:15.593013+00:00,2026-05-12T08:56:15.593013+00:00
article,호치민 (베트남) / 문화,호치민 완전 정복 가이드: 베트남 최대 도시의 숨겨진 매력을 찾아서,/article/ho-chi-minh-city-complete-travel-guide,f9654f6b-c343-4208-a1e4-3a8757c1ea09,ho-chi-minh-city-complete-travel-guide,ko,true,3516,,2026-05-21T09:36:28.849688+00:00,2026-05-21T09:36:28.849688+00:00
article,다낭 (베트남) / 관광,다낭 여행 완벽 가이드 2024 - 한국인이 꼭 알아야 할 핵심 정보,/article/danang-travel-guide-for-korean-travelers-2024,61c531a9-5501-4a61-9cd2-492a2b71e59a,danang-travel-guide-for-korean-travelers-2024,ko,true,4737,,2026-05-22T04:31:13.670991+00:00,2026-05-22T04:31:13.670991+00:00
article,세부 (필리핀) / 관광,세부 여행 완벽 가이드 2024 - 한국인이 꼭 알아야 할 핵심 정보,/article/cebu-philippines-travel-guide-for-koreans-2024,383d428b-b4ca-4818-b6a3-0261be6ef07a,cebu-philippines-travel-guide-for-koreans-2024,ko,true,4752,,2026-05-22T04:34:29.502433+00:00,2026-05-22T04:34:29.502433+00:00
article,보라카이 (필리핀) / 관광,보라카이 여행 완벽 가이드 2024 - 한국인이 꼭 알아야 할 모든 것,/article/boracay-travel-guide-for-korean-travelers-2024,17b2069d-80c7-457d-b9db-bd65b6e16f92,boracay-travel-guide-for-korean-travelers-2024,ko,true,4811,,2026-05-22T04:36:08.920539+00:00,2026-05-22T04:36:08.920539+00:00
article,마닐라 (필리핀) / 관광,마닐라 여행 완벽 가이드 2024 - 한국인이 꼭 알아야 할 필수 정보,/article/manila-travel-guide-for-korean-travelers-2024,5971ca5f-81de-4992-b34b-e68d67d78977,manila-travel-guide-for-korean-travelers-2024,ko,true,4459,,2026-05-22T04:37:42.77269+00:00,2026-05-22T04:37:42.77269+00:00
article,타이베이 (대만) / 관광,"타이베이 완전 정복: 야시장부터 고궁까지, 대만 수도의 모든 것",/article/taipei-taiwan-complete-travel-guide,8c31c0f5-27e5-4c80-b1d2-8db4e6e63492,taipei-taiwan-complete-travel-guide,ko,true,2908,,2026-05-21T09:00:13.270323+00:00,2026-05-21T09:00:13.270323+00:00
article,타이중 (대만) / 관광,타이중 여행 완벽 가이드 2024 - 한국인이 꼭 알아야 할 정보와 추천 명소,/article/taichung-taiwan-travel-guide-korean,c808cc2b-796c-431e-8132-a5d7e11dc4b6,taichung-taiwan-travel-guide-korean,ko,true,3897,,2026-05-22T04:42:16.252542+00:00,2026-05-22T04:42:16.252542+00:00
article,사이판 (사이판) / 관광,사이판 여행 완벽 가이드 2024 - 한국인이 꼭 알아야 할 필수 정보 총정리,/article/saipan-travel-guide-korean-2024,493caabe-2d85-46ac-a566-249e51555025,saipan-travel-guide-korean-2024,ko,true,4423,,2026-05-22T04:40:34.821103+00:00,2026-05-22T04:40:34.821103+00:00
article,마드리드 (스페인) / 문화,마드리드 완전 정복: 스페인 수도에서 보내는 황홀한 5일,/article/madrid-spain-travel-guide-5-days,5d4e1e05-eac8-4a00-b087-5373012bd9a3,madrid-spain-travel-guide-5-days,ko,true,3408,,2026-05-12T09:25:43.411365+00:00,2026-05-12T09:25:43.411365+00:00
article,로마 (이탈리아) / 문화,"영원한 도시 로마, 2000년 역사 속으로 떠나는 특별한 여행",/article/rome-italy-travel-guide-eternal-city,b9d8f59b-6f7c-4b26-b20b-aa851f537546,rome-italy-travel-guide-eternal-city,ko,true,3251,,2026-05-12T09:16:40.079394+00:00,2026-05-12T09:16:40.079394+00:00
article,피렌체 (이탈리아) / 문화,피렌체 완벽 여행 가이드: 르네상스의 심장에서 만나는 예술과 미식,/article/florence-italy-travel-guide,bd5adee4-c2ba-4d4a-ae00-cc8acdec9c1f,florence-italy-travel-guide,ko,true,3980,,2026-05-21T09:44:20.412776+00:00,2026-05-21T09:44:20.412776+00:00
article,밀라노 (이탈리아) / 문화,패션과 예술의 도시 밀라노: 이탈리아 북부의 세련된 매력 완전 정복,/article/milan-italy-travel-guide-fashion-art-culture,fadb55fe-2c07-46b6-9cfb-cb14805a684f,milan-italy-travel-guide-fashion-art-culture,ko,true,3083,,2026-05-21T08:52:41.437478+00:00,2026-05-21T08:52:41.437478+00:00
article,암스테르담 (네덜란드) / 문화,"운하 위의 동화 나라, 암스테르담에서 보낸 7일간의 기록",/article/amsterdam-netherlands-travel-guide,056bb6f3-a71b-47b3-9996-866779bfabb4,amsterdam-netherlands-travel-guide,ko,true,3090,,2026-05-12T09:17:44.761406+00:00,2026-05-12T09:17:44.761406+00:00
article,베를린 (독일) / 문화,"베를린, 상처를 예술로 승화시킨 도시 — 역사와 현재가 공존하는 완벽한 여행 가이드",/article/berlin-germany-travel-guide-history-culture,d782064f-7c22-42b5-9ee2-4b7c513eeb55,berlin-germany-travel-guide-history-culture,ko,true,3313,,2026-05-12T09:29:25.3237+00:00,2026-05-12T09:29:25.3237+00:00
article,비엔나 (오스트리아) / 문화,황제의 도시 비엔나: 클래식 음악과 커피 향이 가득한 유럽의 보석,/article/vienna-austria-travel-guide-classical-music-coffee,22f8cd69-a28a-4f31-965d-7e6f8c73974f,vienna-austria-travel-guide-classical-music-coffee,ko,true,3439,,2026-05-12T09:19:45.345052+00:00,2026-05-12T09:19:45.345052+00:00
article,프라하 (체코) / 문화,"황금빛 도시 프라하, 중세의 마법에 빠지다",/article/prague-czech-republic-travel-guide,0f8c5617-16b5-4e45-a7ed-45f2844bf3c5,prague-czech-republic-travel-guide,ko,true,3287,,2026-05-12T09:18:44.489465+00:00,2026-05-12T09:18:44.489465+00:00
article,취리히 (스위스) / 문화,"스위스의 심장, 취리히: 호수와 구시가지가 빚어낸 완벽한 여행지",/article/zurich-switzerland-travel-guide,72834357-8277-462e-8766-0531c4ebe6d8,zurich-switzerland-travel-guide,ko,true,2992,,2026-05-12T09:30:20.608184+00:00,2026-05-12T09:30:20.608184+00:00
article,코펜하겐 (덴마크) / 문화,동화 속으로 걸어 들어가다: 코펜하겐 완전 정복 가이드,/article/copenhagen-denmark-travel-guide,c33cff29-f948-4884-9c24-afeb2fa7df6a,copenhagen-denmark-travel-guide,ko,true,3223,,2026-05-12T09:31:26.088671+00:00,2026-05-12T09:31:26.088671+00:00
article,스톡홀름 (스웨덴) / 문화,"북유럽의 보석, 스톡홀름 완벽 여행 가이드",/article/stockholm-sweden-travel-guide,55d9f12c-e41a-4fa5-9d88-aec32ff8e696,stockholm-sweden-travel-guide,ko,true,3011,,2026-05-21T08:50:14.332888+00:00,2026-05-21T08:50:14.332888+00:00
article,헬싱키 (핀란드) / 문화,"북유럽의 보석, 헬싱키: 디자인과 자연이 공존하는 도시 완벽 가이드",/article/helsinki-finland-travel-guide,ad84884f-ba5f-41e8-a5b0-b8138e8c16fb,helsinki-finland-travel-guide,ko,true,2732,,2026-05-12T09:32:21.347265+00:00,2026-05-12T09:32:21.347265+00:00
article,오슬로 (노르웨이) / 문화,오슬로 완전 정복: 피오르드와 바이킹의 도시에서 꼭 해야 할 모든 것,/article/oslo-norway-travel-guide-complete,00694b68-4d5b-4059-92c9-42327756b6fb,oslo-norway-travel-guide-complete,ko,true,3304,,2026-05-21T08:51:29.88656+00:00,2026-05-21T08:51:29.88656+00:00
article,두바이 (UAE) / 관광,"사막 위의 기적, 두바이에서 꿈같은 여행을 경험하다",/article/dubai-uae-travel-guide-desert-miracle,69f3cc12-6e92-458a-8072-e84d00d7d2d7,dubai-uae-travel-guide-desert-miracle,ko,true,3357,,2026-05-12T09:24:44.140807+00:00,2026-05-12T09:24:44.140807+00:00
article,이스탄불 (터키) / 문화,"두 대륙의 만남, 이스탄불에서 길을 잃다 — 역사와 낭만이 공존하는 도시 완벽 가이드",/article/istanbul-turkey-travel-guide-two-continents,17e61f4c-bca4-46c8-bf57-37c7e2bc386b,istanbul-turkey-travel-guide-two-continents,ko,true,3611,,2026-05-12T09:23:46.738983+00:00,2026-05-12T09:23:46.738983+00:00
article,라스베이거스 (미국) / 관광,라스베이거스 완벽 여행 가이드: 네온빛 사막 도시의 모든 것,/article/las-vegas-complete-travel-guide,1cea440e-8425-4845-9f0c-f2401795731d,las-vegas-complete-travel-guide,ko,true,3947,,2026-05-21T09:40:25.842502+00:00,2026-05-21T09:40:25.842502+00:00
article,시드니 (호주) / 관광,시드니 완벽 여행 가이드: 오페라 하우스부터 본다이 비치까지,/article/sydney-australia-complete-travel-guide,d7b52ecf-14ee-4e11-8933-3034304d5faa,sydney-australia-complete-travel-guide,ko,true,3139,,2026-05-12T09:27:32.881403+00:00,2026-05-12T09:27:32.881403+00:00
article,멜버른 (호주) / 문화,"멜버른, 호주에서 꼭 해봐야 할 것들: 커피부터 예술까지 완벽 가이드",/article/melbourne-australia-travel-guide,11e952e0-f337-4fc2-902d-4e14a0211b6a,melbourne-australia-travel-guide,ko,true,3208,,2026-05-12T09:28:24.893966+00:00,2026-05-12T09:28:24.893966+00:00
article,밴쿠버 (캐나다) / 관광,밴쿠버 완벽 여행 가이드: 도심과 자연이 공존하는 캐나다 서부의 보석,/article/vancouver-canada-travel-guide,04c1a5c1-cc38-4327-9551-9efcf2415665,vancouver-canada-travel-guide,ko,true,3307,,2026-05-21T09:41:38.860942+00:00,2026-05-21T09:41:38.860942+00:00
article,토론토 (캐나다) / 관광,"캐나다 최대 도시 토론토, 다채로운 문화와 도심의 매력을 한눈에",/article/toronto-canada-travel-guide,a2c7b686-56b7-496b-b75e-a723876685e4,toronto-canada-travel-guide,ko,true,3658,,2026-05-21T09:42:54.027886+00:00,2026-05-21T09:42:54.027886+00:00
article,홍콩 (홍콩) / 관광,홍콩의 모든 것: 동양과 서양이 만나는 매혹적인 도시 완벽 가이드,/article/hong-kong-complete-travel-guide,0beecbaf-0f54-443c-ab3a-80f53a13d9de,hong-kong-complete-travel-guide,ko,true,3724,,2026-05-12T09:22:40.054004+00:00,2026-05-12T09:22:40.054004+00:00
article,쿠알라룸푸르 (말레이시아) / 관광,쿠알라룸푸르 완전 정복: 페트로나스 트윈 타워부터 야시장까지,/article/kuala-lumpur-travel-guide-petronas-to-night-market,e3f97969-ff7b-4062-a113-840dae7ea67c,kuala-lumpur-travel-guide-petronas-to-night-market,ko,true,3245,,2026-05-21T09:46:53.896949+00:00,2026-05-21T09:46:53.896949+00:00
article,Bangkok (Thailand) / 문화,Bangkok Temples Travel Guide: Top Sacred Sites to Visit,/en/article/bangkok-temples-guide-en,dbe969e6-ba70-4824-b199-b3b224b07027,bangkok-temples-guide-en,en,true,15094,,2026-05-30T09:36:31.158395+00:00,2026-05-30T09:36:31.158395+00:00
article,방콕 (태국) / 맛집,방콕 맛집 길거리 완벽 가이드: 현지인도 즐겨 찾는 노점 음식 총정리,/article/bangkok-street-food-ko,960ea82f-c3f2-4fb8-9ad5-210900833be7,bangkok-street-food-ko,ko,true,2484,,2026-06-02T17:54:29.966126+00:00,2026-06-02T17:54:29.966126+00:00
article,Barcelona (Spain) / 맛집,Barcelona Food Travel Guide: Best Eats & Dining Tips,/en/article/barcelona-food-guide-en,0911593e-7bcf-4cee-8607-2b2c9c2cb2dd,barcelona-food-guide-en,en,true,14685,,2026-06-04T12:37:45.778051+00:00,2026-06-04T12:37:45.778051+00:00