slug,reason
da-nang-travel-guide-en,중복 병합 후 생존 — 여전히 상투적 템플릿 구조 (Why Visit/Best Things/Practical Tips/Final Thoughts)
phuket-beach-guide-en,중복 병합 후 생존 — 여전히 상투적 템플릿 구조 (Why Visit/Best Things/Practical Tips/Final Thoughts)
ho-chi-minh-city-travel-tips-en,중복 병합 후 생존 — 여전히 상투적 템플릿 구조 (Why Visit/Best Things/Practical Tips/Final Thoughts)
sapporo-travel-guide-en,병합은 비권장(실제 다른 주제)이나 동일 템플릿 골격 — 구조 다양화 권장
sapporo-winter-guide-en,병합은 비권장(실제 다른 주제)이나 동일 템플릿 골격 — 구조 다양화 권장
bali-travel-guide-en,병합은 비권장(실제 다른 주제)이나 동일 템플릿 골격 — 구조 다양화 권장
bali-best-beaches-en,병합은 비권장(실제 다른 주제)이나 동일 템플릿 골격 — 구조 다양화 권장
tokyo-shinjuku-guide-en,병합은 비권장(실제 다른 주제)이나 동일 템플릿 골격 — 구조 다양화 권장
tokyo-shibuya-guide-en,병합은 비권장(실제 다른 주제)이나 동일 템플릿 골격 — 구조 다양화 권장
shanghai-travel-guide-en,사이트 전역 템플릿 패턴 일치 (Why Visit X/Itinerary/Food/Eat/Getting To/Around/Practical Tips/Final Thoughts)
beijing-travel-guide-en,사이트 전역 템플릿 패턴 일치 (Why Visit X/Best Things To Do/Itinerary/Food/Eat/Getting To/Around/Practical Tips/Where To Stay/Final Thoughts)
nagoya-travel-guide-en,사이트 전역 템플릿 패턴 일치 (Why Visit X/Best Things To Do/Food/Eat/Itinerary/Getting To/Around/Practical Tips)
fukuoka-travel-guide-en,사이트 전역 템플릿 패턴 일치 (Why Visit X/Food/Eat/Itinerary/Getting To/Around/Final Thoughts)
istanbul-travel-guide-en,사이트 전역 템플릿 패턴 일치 (Itinerary/Food/Eat/Practical Tips/Final Thoughts)
seoul-budget-travel-en,사이트 전역 템플릿 패턴 일치 (Getting To/Around/Food/Eat/Where To Stay/Final Thoughts)
madrid-travel-guide-en,사이트 전역 템플릿 패턴 일치 (Itinerary/Food/Eat/Getting To/Around/Practical Tips/Final Thoughts)
busan-beach-guide-en,사이트 전역 템플릿 패턴 일치 (Getting To/Around/Food/Eat/Practical Tips/Day Trips/Where To Stay/Final Thoughts)
berlin-travel-guide-en,사이트 전역 템플릿 패턴 일치 (Best Things To Do/Itinerary/Food/Eat/Practical Tips)
zurich-travel-guide-en,사이트 전역 템플릿 패턴 일치 (Why Visit X/Best Things To Do/Itinerary/Food/Eat/Getting To/Around/Practical Tips/Final Thoughts)
barcelona-travel-guide-en,사이트 전역 템플릿 패턴 일치 (Best Things To Do/Food/Eat/Practical Tips/Final Thoughts)
sydney-travel-guide-en,사이트 전역 템플릿 패턴 일치 (Why Visit X/Itinerary/Food/Eat/Practical Tips/Final Thoughts)
da-nang-beach-guide-en,사이트 전역 템플릿 패턴 일치 (Where To Stay/Day Trips/Practical Tips/Final Thoughts)
los-angeles-travel-guide-en,사이트 전역 템플릿 패턴 일치 (Why Visit X/Itinerary/Practical Tips/Final Thoughts)
hanoi-travel-guide-en,사이트 전역 템플릿 패턴 일치 (Why Visit X/Best Things To Do/Itinerary/Where To Stay/Practical Tips/Final Thoughts)
lisbon-travel-guide-en,사이트 전역 템플릿 패턴 일치 (Best Things To Do/Food/Eat/Practical Tips/Itinerary/Final Thoughts)
london-travel-guide-en,사이트 전역 템플릿 패턴 일치 (Practical Tips/Best Things To Do/Itinerary/Food/Eat/Final Thoughts)
bali-budget-travel-en,사이트 전역 템플릿 패턴 일치 (Where To Stay/Getting To/Around/Practical Tips/Final Thoughts)
nara-travel-guide-en,사이트 전역 템플릿 패턴 일치 (Getting To/Around/Food/Eat/Day Trips/Final Thoughts)
vancouver-travel-guide-en,사이트 전역 템플릿 패턴 일치 (Why Visit X/Best Things To Do/Itinerary/Food/Eat/Final Thoughts)
bangkok-travel-guide-en,사이트 전역 템플릿 패턴 일치 (Best Things To Do/Itinerary/Getting To/Around/Practical Tips/Where To Stay/Final Thoughts)
ho-chi-minh-city-travel-guide-en,사이트 전역 템플릿 패턴 일치 (Why Visit X/Itinerary/Food/Eat/Getting To/Around/Practical Tips/Final Thoughts)
amsterdam-travel-guide-en,사이트 전역 템플릿 패턴 일치 (Best Things To Do/Itinerary/Food/Eat/Practical Tips/Final Thoughts)
nha-trang-travel-guide-en,사이트 전역 템플릿 패턴 일치 (Why Visit X/Getting To/Around/Best Things To Do/Itinerary/Food/Eat/Practical Tips/Final Thoughts)
cebu-travel-guide-en,사이트 전역 템플릿 패턴 일치 (Why Visit X/Best Things To Do/Itinerary/Final Thoughts)
helsinki-travel-guide-en,사이트 전역 템플릿 패턴 일치 (Why Visit X/Best Things To Do/Itinerary/Getting To/Around/Food/Eat/Practical Tips/Final Thoughts)
kuala-lumpur-travel-guide-en,사이트 전역 템플릿 패턴 일치 (Why Visit X/Best Things To Do/Itinerary/Food/Eat/Getting To/Around/Practical Tips/Final Thoughts)
mumbai-travel-guide-en,사이트 전역 템플릿 패턴 일치 (Why Visit X/Getting To/Around/Best Things To Do/Itinerary/Food/Eat/Practical Tips/Final Thoughts)
new-york-budget-travel-en,사이트 전역 템플릿 패턴 일치 (Where To Stay/Getting To/Around/Practical Tips/Final Thoughts)
los-angeles-complete-guide-en,사이트 전역 템플릿 패턴 일치 (Getting To/Around/Food/Eat/Practical Tips/Day Trips)
osaka-travel-guide-en,사이트 전역 템플릿 패턴 일치 (Why Visit X/Itinerary/Food/Eat/Practical Tips/Final Thoughts)
brussels-travel-guide-en,사이트 전역 템플릿 패턴 일치 (Why Visit X/Itinerary/Best Things To Do/Food/Eat/Getting To/Around/Practical Tips/Final Thoughts)
sydney-complete-guide-en,사이트 전역 템플릿 패턴 일치 (Getting To/Around/Food/Eat/Practical Tips/Where To Stay)
guam-travel-guide-en,사이트 전역 템플릿 패턴 일치 (Why Visit X/Getting To/Around/Best Things To Do/Itinerary/Food/Eat/Practical Tips/Final Thoughts)
boracay-travel-guide-en,사이트 전역 템플릿 패턴 일치 (Best Things To Do/Itinerary/Where To Stay/Practical Tips/Final Thoughts)
manila-travel-guide-en,사이트 전역 템플릿 패턴 일치 (Why Visit X/Itinerary/Food/Eat/Practical Tips/Getting To/Around/Final Thoughts)
tokyo-travel-guide-en,사이트 전역 템플릿 패턴 일치 (Best Things To Do/Itinerary/Practical Tips/Final Thoughts)
taichung-travel-guide-en,사이트 전역 템플릿 패턴 일치 (Why Visit X/Getting To/Around/Food/Eat/Itinerary/Final Thoughts)
stockholm-travel-guide-en,사이트 전역 템플릿 패턴 일치 (Why Visit X/Food/Eat/Practical Tips/Itinerary/Final Thoughts)
paris-first-timers-guide-en,사이트 전역 템플릿 패턴 일치 (Getting To/Around/Food/Eat/Practical Tips/Final Thoughts)
saipan-travel-guide-en,사이트 전역 템플릿 패턴 일치 (Getting To/Around/Itinerary/Where To Stay/Practical Tips/Final Thoughts)
paris-budget-travel-en,사이트 전역 템플릿 패턴 일치 (Getting To/Around/Where To Stay/Practical Tips/Final Thoughts)
new-delhi-travel-guide-en,사이트 전역 템플릿 패턴 일치 (Why Visit X/Itinerary/Food/Eat/Getting To/Around/Practical Tips/Where To Stay/Final Thoughts)
hong-kong-travel-guide-en,사이트 전역 템플릿 패턴 일치 (Why Visit X/Food/Eat/Itinerary/Practical Tips/Final Thoughts)
bali-ubud-guide-en,사이트 전역 템플릿 패턴 일치 (Itinerary/Where To Stay/Food/Eat/Day Trips)
amsterdam-complete-guide-en,사이트 전역 템플릿 패턴 일치 (Getting To/Around/Food/Eat/Practical Tips/Day Trips)
taipei-travel-guide-en,사이트 전역 템플릿 패턴 일치 (Food/Eat/Getting To/Around/Itinerary/Final Thoughts)
prague-budget-travel-en,사이트 전역 템플릿 패턴 일치 (Getting To/Around/Where To Stay/Practical Tips/Itinerary)
melbourne-travel-guide-en,사이트 전역 템플릿 패턴 일치 (Getting To/Around/Best Things To Do/Itinerary/Practical Tips/Final Thoughts)
toronto-travel-guide-en,사이트 전역 템플릿 패턴 일치 (Food/Eat/Practical Tips/Itinerary/Final Thoughts)
las-vegas-travel-guide-en,사이트 전역 템플릿 패턴 일치 (Best Things To Do/Itinerary/Food/Eat/Where To Stay/Practical Tips/Final Thoughts)
milan-travel-guide-en,사이트 전역 템플릿 패턴 일치 (Why Visit X/Getting To/Around/Itinerary/Food/Eat/Practical Tips/Day Trips/Final Thoughts)
munich-travel-guide-en,사이트 전역 템플릿 패턴 일치 (Why Visit X/Itinerary/Food/Eat/Getting To/Around/Practical Tips/Final Thoughts)
athens-travel-guide-en,사이트 전역 템플릿 패턴 일치 (Why Visit X/Food/Eat/Itinerary/Final Thoughts)
dubai-budget-travel-en,사이트 전역 템플릿 패턴 일치 (Getting To/Around/Where To Stay/Practical Tips/Final Thoughts)
warsaw-travel-guide-en,사이트 전역 템플릿 패턴 일치 (Why Visit X/Itinerary/Food/Eat/Getting To/Around/Practical Tips/Final Thoughts)
oslo-travel-guide-en,사이트 전역 템플릿 패턴 일치 (Why Visit X/Getting To/Around/Food/Eat/Itinerary/Practical Tips/Day Trips/Final Thoughts)
copenhagen-travel-guide-en,사이트 전역 템플릿 패턴 일치 (Why Visit X/Best Things To Do/Itinerary/Getting To/Around/Where To Stay/Food/Eat/Practical Tips/Final Thoughts)
phuket-travel-guide-en,사이트 전역 템플릿 패턴 일치 (Itinerary/Practical Tips/Food/Eat/Final Thoughts)
budapest-travel-guide-en,사이트 전역 템플릿 패턴 일치 (Itinerary/Food/Eat/Practical Tips/Final Thoughts)
okinawa-travel-guide-en,사이트 전역 템플릿 패턴 일치 (Why Visit X/Itinerary/Practical Tips/Final Thoughts)
osaka-dotonbori-guide-en,사이트 전역 템플릿 패턴 일치 (Getting To/Around/Food/Eat/Practical Tips/Where To Stay/Final Thoughts)
singapore-budget-travel-en,사이트 전역 템플릿 패턴 일치 (Getting To/Around/Where To Stay/Practical Tips/Final Thoughts)
tokyo-budget-travel-en,사이트 전역 템플릿 패턴 일치 (Getting To/Around/Where To Stay/Practical Tips/Itinerary)
rome-complete-guide-en,사이트 전역 템플릿 패턴 일치 (Food/Eat/Getting To/Around/Practical Tips/Where To Stay/Day Trips)